customer_id,name,email,phone,city,state,country,age,signup_date
1,Rebecca Lam,beth72@alexander.com,185.687.4971x888,Lake Jeffrey,Hawaii,French Southern Territories,25,2025-03-22
2,Robert Morales,gberger@hotmail.com,689.535.9532x92114,South Howard,New Hampshire,Trinidad and Tobago,65,2021-08-12
3,Brittney Nunez,psweeney@yahoo.com,0808159894,Maryhaven,West Virginia,Iraq,53,2025-09-13
4,Kevin Martinez,stacey42@gmail.com,(555)668-6424x98922,New Amandaside,New Jersey,Oman,49,2021-10-31
5,Kelli Chen,claytondaniel@yahoo.com,001-894-720-4823x202,Catherineberg,Connecticut,Guinea,36,2025-02-17
6,Jessica Molina,jacob72@moore.com,888.004.0638x37382,Lake Michelle,Utah,Bulgaria,56,2022-11-05
7,Dylan Ramsey,psteele@yahoo.com,144.865.3344x14084,Michelleland,Minnesota,Bermuda,64,2022-07-29
8,Alexandria Guerrero,yjohnson@yahoo.com,(395)133-4151x363,Port Christopherfurt,Illinois,Bermuda,52,2024-03-23
9,Jeffrey Lowery,emitchell@adams.info,469.949.2792,Erinside,Colorado,Christmas Island,18,2023-11-11
10,Jason Payne,robinsonnathaniel@jackson-jimenez.org,001-434-141-8414x71606,Osbornestad,Vermont,French Guiana,45,2025-10-06
11,Connie Navarro DDS,maureen87@roberson.com,140.858.2488x0166,Markchester,New Hampshire,Micronesia,69,2026-03-25
12,Nathan Sloan,haileybeasley@gmail.com,387.399.2707x2627,Christinafurt,Connecticut,Gabon,47,2023-08-06
13,Annette Walsh,sabrina76@henry-bell.com,(917)756-9866,Sandraburgh,Mississippi,Fiji,68,2022-03-08
14,Amy Vega,pberg@peck.org,(965)048-4371x81649,Paulhaven,North Dakota,Vietnam,36,2024-04-23
15,Teresa Guerra,stephaniecooke@simon-shepard.org,(698)290-4042,Port Cody,Oregon,Montenegro,62,2023-03-27
16,Adrienne Floyd,stacey20@wilson.info,484-585-7274x6909,Daughertymouth,Pennsylvania,Greenland,56,2023-03-01
17,Tiffany Walker,stanleysteele@duncan-tyler.info,(794)586-0520x22672,Jacksonshire,Oklahoma,Holy See (Vatican City State),38,2024-01-17
18,Martin Powers,tylerwong@gmail.com,+1-314-039-9863x5442,Leefurt,New York,British Virgin Islands,18,2024-06-24
19,Sabrina Clark,robert97@yahoo.com,816.580.8613x3845,Loveton,South Dakota,Taiwan,45,2024-01-24
20,Gregory Davis,douglasgilbert@peterson-knight.org,747-879-1246x0964,New Hannah,Nebraska,Guernsey,40,2026-03-19
21,Ashley Anderson MD,deborahmay@hotmail.com,(003)486-0789x509,Jameschester,Florida,Wallis and Futuna,68,2024-01-29
22,Robert Sweeney,ajackson@andersen.com,(612)488-2387,East Bradley,Oklahoma,Kuwait,30,2023-05-08
23,Charles Moore,juliemarshall@rodriguez.org,629.596.1311,Lake Walterstad,Pennsylvania,Venezuela,44,2021-07-12
24,Susan Brewer,elaine05@hotmail.com,248.393.4332x117,West Jenniferport,Missouri,Georgia,34,2024-10-09
25,Harold Kim,courtney09@morrison-lyons.biz,662-175-8999x6665,Julieberg,Nevada,Kazakhstan,18,2021-12-22
26,Lisa Richardson,tammie12@warner.org,(002)988-8197x5066,Jeremiahfort,Rhode Island,Suriname,25,2025-05-12
27,Tanner Cortez,brittany75@logan.com,001-602-002-0990x0343,Snyderborough,Montana,Nigeria,20,2022-12-17
28,Melissa Stone,ricekatherine@gmail.com,748.475.6542,South Crystaltown,Wisconsin,Saint Vincent and the Grenadines,60,2021-09-23
29,Steven Russell,hernandezannette@yahoo.com,235-820-2773x45341,East Tanya,Washington,Burundi,61,2021-12-21
30,Ashley Daniels,scotthayes@gmail.com,(672)930-0243,Port Sarahport,South Carolina,Burkina Faso,54,2022-04-18
31,Jennifer Crawford,jacobkramer@pitts.com,(125)615-4423,Garrettville,Connecticut,Netherlands,24,2021-09-24
32,Timothy Morris,cunninghamkristin@hotmail.com,080.328.6130x18491,New Carolyn,Hawaii,Gambia,23,2022-02-15
33,Melissa Moore,samueladams@hutchinson.com,(255)636-1446,West Tiffany,North Carolina,Armenia,23,2025-09-12
34,Richard Stone,swalker@murphy.com,602.961.8390x193,West Lisa,Rhode Island,Martinique,41,2021-10-29
35,Michael Maxwell,elizabethmunoz@yahoo.com,4258337865,Heathhaven,Washington,Samoa,19,2025-11-15
36,Shelly Kemp,jose46@esparza-foster.com,676-150-2875x0354,Hayesbury,New Jersey,Barbados,55,2023-12-13
37,William Walker,nichole50@dyer.com,875-569-6365,South Julie,Montana,Gabon,46,2026-05-16
38,John Duran,stacycarrillo@garcia.com,059.016.2060x34132,South Jillland,Arkansas,Djibouti,46,2024-08-28
39,Andrew Thompson,shannonjessica@gmail.com,267-478-0266x188,Brownstad,Maine,Colombia,56,2024-07-10
40,Stacy Mccarthy,cindy87@hotmail.com,487-346-9637x8895,Laurenton,Nevada,Vanuatu,62,2022-12-11
41,Adam Rogers,michael79@perez-meyer.com,715.114.5220x4004,Jonathanport,West Virginia,Guatemala,22,2021-11-30
42,Christopher Chavez,thernandez@gmail.com,(220)907-5523x407,North Jason,Minnesota,Turks and Caicos Islands,22,2024-04-01
43,Christopher Wilson,carolyn34@fitzgerald.com,553-882-0520x9347,Port Michelleberg,Georgia,Suriname,30,2021-06-28
44,Steven Goodman,sullivandaisy@gmail.com,956.443.5490x1321,Herreraburgh,Georgia,Cape Verde,25,2023-05-15
45,Jason Cordova,hickssara@yahoo.com,+1-530-715-8629x6559,Mortonhaven,Vermont,Malaysia,63,2021-10-19
46,David Parker,asalinas@gmail.com,001-879-929-6231x26295,Michaelfurt,Illinois,Portugal,55,2026-05-17
47,Christian Wyatt,crystalsteele@wood-mason.net,651.504.9011,Navarromouth,Florida,Guadeloupe,44,2023-01-17
48,Gina Daugherty,stephaniecollins@johnson-lin.net,514.980.7066x927,Cindyshire,Idaho,Jersey,55,2022-11-29
49,Christopher Ryan,jason10@davis-salazar.com,112-167-9616,South Jesusburgh,North Dakota,Greenland,38,2021-12-15
50,Willie Costa,billy60@yahoo.com,(615)512-2424x36157,Tarahaven,Oregon,Turks and Caicos Islands,28,2024-08-14
51,Timothy Martin,ygraham@may-norman.com,001-539-918-3343,Annetteton,Wisconsin,Australia,53,2024-12-13
52,Gina Howard,timothybrooks@garcia.org,815-113-1562x631,Bryantshire,Utah,Saint Helena,32,2022-04-07
53,Lawrence Clay,josephaustin@gmail.com,766-380-6222x9337,South Stevenborough,South Carolina,French Guiana,18,2024-07-22
54,Blake Chang,dhull@yahoo.com,783.653.6299,New Nataliechester,Wyoming,Papua New Guinea,59,2023-04-08
55,Bethany Harvey,shannonsims@hotmail.com,887.037.5778x68718,South Jeffrey,Virginia,Macedonia,61,2024-08-25
56,Scott Hunter,rodney34@gmail.com,183-766-8064x189,Drewhaven,Arkansas,Saint Lucia,46,2026-01-09
57,Hunter Rose,cameronrich@gmail.com,(542)591-8321,North Roberthaven,Tennessee,Aruba,22,2021-09-06
58,Cesar Ritter,jessegarza@yahoo.com,684-733-2084,Port Annetteshire,Missouri,Eritrea,40,2025-06-20
59,Andrew Buck,smithjames@barton-barrett.com,903-075-4872x781,New Mistybury,Minnesota,Ghana,48,2023-02-10
60,Anthony Wilson,joseramos@trevino-hunt.info,874.526.6549x608,Lake Jeffrey,Florida,Thailand,52,2025-08-07
61,Jennifer Walker,hamiltonjesus@sanders.com,001-661-865-5015x7148,Tuckerview,Illinois,Tonga,31,2021-09-01
62,Rebecca Smith,uchristensen@houston.com,792.505.2270x26810,Lake Anthony,West Virginia,Niger,47,2024-10-12
63,Joseph Lopez Jr.,schmidtwilliam@mendoza-vasquez.com,001-444-797-2712x13793,Jesseside,New Hampshire,Cyprus,38,2024-12-31
64,Madison Wolf,valerie82@gmail.com,966-996-2395x0060,East Johnmouth,New Mexico,Cayman Islands,70,2021-08-01
65,Cody Elliott,derekmason@gmail.com,551.720.0709x0332,East Christine,North Dakota,Faroe Islands,58,2023-07-23
66,Erin Greer,wesleyjenkins@vega.biz,001-998-140-5122x277,Chambersborough,Rhode Island,Sierra Leone,44,2023-03-02
67,Morgan Perry,xrodriguez@hotmail.com,(883)786-5254x2473,Wadefort,South Carolina,United Kingdom,18,2022-02-16
68,Hailey Rodriguez,jamescarolyn@barrett.net,(807)600-2613x4362,Gibsonport,Maryland,French Southern Territories,53,2025-11-19
69,Robert Villanueva,daniellebutler@stewart.info,(715)246-8273,South Corey,Mississippi,Liechtenstein,54,2023-07-01
70,John Castaneda,powelljulie@garza.com,(150)243-2731,Lake Dawnburgh,West Virginia,French Southern Territories,60,2025-04-07
71,Joseph Reeves,jessica28@shelton.com,(538)246-5843,West Melindaview,California,Jamaica,19,2023-01-22
72,Amanda Young,alexandragallagher@gregory-hinton.com,281.109.5853,Davenportville,Massachusetts,Romania,33,2026-03-14
73,Jon Stevens,cwilkerson@duffy-page.com,960-587-7526x0723,Port Paul,Idaho,British Virgin Islands,33,2025-06-19
74,Stephen Hall,glen96@murray.com,+1-432-885-2704x721,East Calebshire,Tennessee,Kiribati,46,2021-06-07
75,Noah Martin,ashley59@martinez-russo.com,001-261-365-7929x894,Lake Brittany,Massachusetts,Croatia,61,2023-04-30
76,Sandra Jackson,james76@paul-hunter.info,9286971960,North Stephenside,Delaware,Kenya,60,2024-03-12
77,Patricia Jones,griffinjesse@luna.info,(367)728-7864x84826,Jasonview,South Dakota,Isle of Man,39,2023-03-23
78,Christina Smith,ernestandersen@yahoo.com,001-717-907-0745x0605,North Loganhaven,Rhode Island,Denmark,48,2022-01-01
79,Michael Reid,lynchroy@campos.biz,001-172-375-8019,Bakerbury,Colorado,New Zealand,43,2021-11-07
80,Victoria Hawkins,jameslawrence@torres.com,+1-658-180-7047x4895,Daisyland,South Carolina,Norfolk Island,56,2023-08-03
81,Meagan Campbell DVM,tbrown@nguyen.biz,+1-798-026-4029x339,Calderontown,Hawaii,Saudi Arabia,70,2022-10-17
82,Rita Young,christopher57@jarvis.org,287.975.3538,West Timothyburgh,Oklahoma,Christmas Island,40,2025-08-25
83,Gerald Porter,kristin24@yahoo.com,897-632-0359x850,Michaelmouth,North Carolina,Gibraltar,57,2021-08-16
84,Alexandra Anderson,davisjonathan@hotmail.com,(569)081-4642,Vincentton,Oklahoma,Ghana,45,2025-10-05
85,Elijah Patterson,jsmith@gmail.com,+1-783-103-6819,West Williamhaven,Montana,Latvia,25,2022-09-05
86,Roger Washington,kennethdavis@ibarra.com,001-277-893-7886x57298,Edwardschester,Vermont,Costa Rica,46,2024-01-16
87,Marcus Gregory,parkeralicia@williamson.com,687-646-5888x90686,Harperville,Virginia,Colombia,31,2022-11-16
88,Carl Ortiz,matthew98@jacobs.com,883-233-9417x95561,North Annhaven,Wyoming,Malaysia,69,2024-08-02
89,Amber Thompson,yolandaquinn@gmail.com,+1-754-965-3516,Alanmouth,South Dakota,France,56,2024-12-16
90,John Dean,adamcrawford@yahoo.com,+1-450-110-9771x79979,West Amberborough,North Dakota,Guatemala,65,2021-09-16
91,Mrs. Rebecca Watson,tara61@yahoo.com,631.692.1185x0260,Port Aaron,North Carolina,Azerbaijan,33,2025-06-21
92,George Stone,halltiffany@roth.com,(350)002-5388x07461,Masonchester,Oregon,Niue,20,2024-08-18
93,Katrina Mcclain,vhenry@gmail.com,(130)931-8787x2705,North Gregorytown,Idaho,Germany,68,2022-07-22
94,Zachary Matthews,emckinney@carter-marsh.info,+1-052-708-1776x213,South Maureen,North Carolina,Peru,60,2026-05-20
95,Laura Benton,zobrien@wolf.com,(516)122-2509x742,Howardland,Utah,Bosnia and Herzegovina,26,2026-05-16
96,Edward Ramsey,lblake@yahoo.com,001-540-065-0794x092,Kristineport,Mississippi,Switzerland,35,2024-10-12
97,Alexander Lopez,cynthiarowe@hotmail.com,001-237-545-8582x4437,Griffithhaven,Oregon,Fiji,54,2024-10-22
98,Jessica Hernandez,isnow@woods.com,159.960.8099x248,Zacharyhaven,Virginia,Honduras,68,2022-07-18
99,Sarah Herrera,hillsara@turner.com,4482859678,Barneston,Connecticut,British Virgin Islands,56,2022-07-06
100,Derrick Pacheco,joycewilliams@gmail.com,001-781-919-9705x6772,Wyattmouth,Georgia,Papua New Guinea,50,2021-10-04
101,Paul Liu,salasmiranda@bell.com,147-333-0810,Boothview,Rhode Island,Lao People's Democratic Republic,21,2024-08-27
102,Juan Powell,ycherry@cummings-freeman.com,+1-766-212-7360x01052,Thomasside,Vermont,Haiti,62,2026-04-24
103,Kathryn Spencer,jamesandres@york.com,001-946-859-6159x335,Jessicastad,Idaho,Nepal,53,2024-10-21
104,Tracy Smith,mperez@yahoo.com,(580)083-3954x2066,West Travisbury,Massachusetts,Congo,27,2025-10-28
105,James Brown,alexandra77@parsons.com,(902)889-7676x488,Port David,Louisiana,Cyprus,66,2021-10-24
106,William Li,jeffrey05@gmail.com,308-525-6225x0252,West Michael,Washington,Saint Kitts and Nevis,31,2024-08-29
107,Kelly Mosley,lisa36@gmail.com,+1-681-143-9945x056,New Royberg,Wisconsin,Comoros,53,2021-05-29
108,Christopher Gutierrez,jenniferbradley@yahoo.com,(851)051-6720,Port Thomas,Florida,Mongolia,21,2025-12-29
109,James Horne,deanmelinda@hotmail.com,121.902.9176x68780,Hayesfurt,Hawaii,Grenada,53,2022-08-10
110,Nathan King,taylor12@yahoo.com,8050201034,Millerville,Mississippi,Marshall Islands,63,2022-09-19
111,Margaret Brown,zburke@mueller-moody.com,001-680-130-9017x095,South Dawn,Washington,Serbia,28,2021-12-17
112,Denise Robinson,kathleen25@torres.com,2217455075,Nathanstad,Oklahoma,Hong Kong,50,2023-05-08
113,Robert Keller,william49@sanchez.com,352-238-2768x146,Lake Alan,Hawaii,Barbados,20,2023-06-03
114,Emily Alexander,andersonbenjamin@gmail.com,581-910-1527,West Adamhaven,Virginia,Denmark,65,2022-01-09
115,Christopher Webb,sarah03@smith-booker.biz,+1-574-244-3935x25052,New Charlene,Oklahoma,South Africa,45,2024-09-26
116,Andrew Johnston,millerdavid@carr.com,642.482.9437x84172,West Tracie,Hawaii,Senegal,61,2023-02-15
117,Benjamin Robinson,hawkinscandace@gmail.com,452.127.6125,Rodneymouth,New York,Saint Vincent and the Grenadines,70,2026-05-22
118,Tanya Edwards,lesliemiller@crawford-irwin.info,093-889-2889,Westmouth,Texas,Ethiopia,23,2022-07-21
119,Christopher Wilson,kelly79@hotmail.com,439.042.0406x794,East Curtisville,Minnesota,Congo,40,2024-08-17
120,Barbara Marshall,qayers@hotmail.com,172-616-3826x89562,West Faithborough,Missouri,Tanzania,61,2023-08-20
121,Anthony Martinez,richardlee@yahoo.com,(198)204-9145,West Brianville,South Carolina,Cape Verde,64,2024-03-31
122,Brian Barnes,wardsandy@hotmail.com,+1-132-375-8414,Herreraside,Massachusetts,Iceland,70,2024-02-14
123,Dr. Lisa Lynch,phines@sanchez.com,001-148-046-4863,Lake Chris,Florida,United States Virgin Islands,46,2021-11-06
124,Seth Howell MD,donna62@paul.biz,001-695-666-0410,Hicksville,Iowa,Korea,66,2021-12-19
125,Daniel Hayes,kathleen71@smith-riddle.com,033.629.7983x5608,East Edgar,New Hampshire,Saudi Arabia,35,2021-10-12
126,Willie Kennedy,nstone@coleman.org,(676)103-1711,North Kathleen,Idaho,Mali,62,2025-11-21
127,Zachary Perez,gina83@yahoo.com,921-698-4926,Hansonfort,New York,India,21,2025-11-20
128,Kimberly Chavez,meredith55@simmons.com,(023)430-9280,Port Davidburgh,West Virginia,Anguilla,63,2023-05-04
129,Jorge Nunez,fmason@moore.com,2600737929,West Seanstad,Pennsylvania,Bolivia,45,2022-07-29
130,Regina Woods,taylorjordan@guerrero.com,050.892.0862x1309,Karamouth,Maryland,Burundi,70,2022-09-11
131,Marcus Robinson,lallen@yahoo.com,016-979-5290,Rebeccaburgh,Michigan,Greece,29,2025-08-15
132,Kenneth Carr,sandovalanne@gmail.com,001-264-981-1440,Williamshaven,Georgia,United States of America,33,2025-10-31
133,Bob Day,adamssamuel@gmail.com,001-562-872-9297,West Deniseland,Michigan,Guatemala,34,2022-12-01
134,Connie Hamilton,fordsandra@gmail.com,109-208-3142,Samanthabury,Connecticut,Bulgaria,61,2024-01-14
135,Jason Whitaker,janearellano@yahoo.com,4688935684,East Billyberg,Illinois,Yemen,43,2025-02-01
136,Raymond Johnson,herrerarichard@gmail.com,672.793.9226x22889,West Gavinfort,Hawaii,Suriname,53,2024-11-03
137,Olivia Collins,randall49@hotmail.com,+1-853-652-5291x734,North Eddieside,Wisconsin,Sierra Leone,51,2021-07-11
138,Jim Gardner,idavis@schneider-martin.com,472.258.2084x114,Kaylachester,South Carolina,Angola,46,2023-09-07
139,Steven Matthews,zachary42@greene-wagner.com,6142980485,Campbelltown,Utah,Tajikistan,29,2023-06-24
140,Michael Flynn,michellepollard@collins-bradley.com,212.118.8448x1884,Williamfurt,Arizona,Israel,36,2022-07-27
141,Stephanie Gonzalez,kimberlyeaton@gmail.com,411-604-1715,North Brittanymouth,New Mexico,Italy,55,2026-01-09
142,Amy Lewis,khardy@yahoo.com,038-885-9305x41851,East Benjaminland,Maryland,Saint Lucia,36,2023-09-05
143,Christopher Haas,susancowan@white-rodriguez.com,001-868-532-8558x813,Ericchester,Idaho,Bulgaria,51,2026-03-11
144,Brittany Miller,christyhunter@yahoo.com,692.841.9524x46883,Lake Sheilaberg,Minnesota,Bangladesh,45,2025-05-09
145,Debbie Rice,kayla55@henson-henry.com,502.625.3697x4330,Carrilloburgh,Maine,Cambodia,25,2025-02-07
146,Cody Richards,jessemcdaniel@gmail.com,+1-958-166-5991x8344,New Hannah,New Hampshire,Cayman Islands,62,2021-10-16
147,Chase Schaefer,qraymond@gmail.com,490-814-5473x24824,West Aaronside,Nevada,Iceland,40,2023-05-08
148,Stephanie Chapman,josephlawrence@gmail.com,2272400895,New Monicatown,Montana,Uzbekistan,33,2023-03-28
149,Aimee Stewart,marissarivas@webb.com,(345)377-8609,Manuelberg,Utah,Albania,29,2025-07-03
150,Mary Rogers,sara72@george.com,717.587.4513,West Lisa,Kansas,Taiwan,34,2023-09-18
151,Michele Jones,sarah31@miller-hardy.com,001-567-043-7258x638,Adamtown,Arizona,Sweden,53,2023-12-11
152,Lindsay Wolfe,christophermurray@yahoo.com,(249)968-7533,West Hannahburgh,Minnesota,Hong Kong,42,2022-12-20
153,Kevin Woodard,christieromero@melton.com,+1-393-440-1794x8242,Michelleburgh,Massachusetts,Jersey,43,2022-09-10
154,Erin Moreno,cynthia86@gmail.com,(227)270-1528x372,Hawkinschester,Ohio,Central African Republic,61,2026-05-23
155,John Cohen,curtisnunez@boyd.com,444.015.2581x664,West Williamport,Minnesota,Saint Helena,28,2024-06-14
156,David Brooks,sharon90@smith-brown.org,765.348.1875x3623,Debratown,North Carolina,Kazakhstan,40,2024-01-26
157,Rebecca Williamson,psteele@manning.com,001-949-538-4744x32135,West Gerald,Louisiana,Palestinian Territory,65,2021-08-08
158,Mr. Kevin Rogers,lawsonjessica@yahoo.com,+1-788-263-4409x63559,Toddbury,New Hampshire,New Zealand,66,2021-07-02
159,Kyle Kennedy,moorekeith@cameron-huang.net,976-627-5745x68499,Lake Jonathanmouth,Texas,Gabon,63,2021-09-23
160,Raven Atkinson,zromero@bates.org,001-035-346-7104x5118,Brandymouth,Kentucky,United Kingdom,31,2024-01-16
161,Sarah Phelps,jose44@greene.com,5163127504,Clarkton,North Carolina,Vanuatu,68,2024-07-16
162,Kristin Sanders,anthony89@lawrence-cook.biz,(174)105-7425x150,West Ashley,Arkansas,Greenland,56,2023-02-24
163,Lisa Reese,donald25@yahoo.com,009-450-4068,East Andreamouth,West Virginia,Honduras,65,2024-08-02
164,Jacob Martinez,hamiltonamanda@rogers.com,001-906-995-3745,Lake Davidtown,Alaska,Cocos (Keeling) Islands,70,2023-11-04
165,Luis Miller,johnsoncharles@gmail.com,059-596-8012,Lake David,Massachusetts,Bosnia and Herzegovina,62,2021-10-04
166,John Adams,jenniferbrown@gmail.com,+1-736-921-6507x604,West Ashleyville,Indiana,Swaziland,27,2025-04-15
167,Benjamin Davis,zsmith@hotmail.com,(396)320-9124x085,New Rebeccahaven,Iowa,Equatorial Guinea,64,2024-01-28
168,Laura Monroe,valeriemendoza@gmail.com,990-405-8500x588,Jessicaland,Vermont,Svalbard & Jan Mayen Islands,30,2025-03-29
169,Monica Marquez,fullerdave@hotmail.com,+1-246-845-3849x8271,West Lisahaven,Michigan,Wallis and Futuna,67,2025-10-28
170,Mr. Joseph Holloway,pcosta@yahoo.com,854.321.9764,South Bobby,Massachusetts,Rwanda,31,2022-07-22
171,Cassandra Santiago,timothyrice@yahoo.com,001-673-396-5564x8170,South Matthewfurt,North Carolina,Poland,42,2022-08-09
172,Justin Chavez,robinsongrace@yahoo.com,887.483.6456x9213,New Meganfurt,Oklahoma,Suriname,24,2024-04-22
173,Jerry Burch MD,jramirez@sweeney-glover.biz,605-788-7356x20526,Garnerborough,Montana,Macao,55,2022-09-27
174,Michael Taylor,llee@hotmail.com,001-760-274-5992x172,Rodriguezville,Montana,Cayman Islands,66,2021-09-29
175,Cynthia Herrera,sadkins@welch-doyle.com,7072057949,Lindsayberg,New York,Holy See (Vatican City State),32,2021-06-14
176,Angela King,joanne50@hotmail.com,960-861-6860x06967,Sarahmouth,Colorado,Maldives,56,2021-12-10
177,Amber Vega,smiller@moon.com,538.873.3761x4354,Lake Jessicaberg,Ohio,Macedonia,22,2022-04-14
178,Cody Salinas,karen58@yahoo.com,001-847-542-2722x72307,Grahamview,Indiana,Kazakhstan,18,2023-07-18
179,Margaret Barnes,markmorales@gmail.com,+1-452-502-5842x20952,Parkfort,Maryland,Guinea,62,2024-12-17
180,Lori Simon,sara42@sharp.com,199-139-2738,Weaverland,Utah,Singapore,31,2023-07-20
181,Joshua Meyer,gpadilla@george.com,+1-207-312-5306x512,East William,Tennessee,Egypt,18,2022-03-09
182,Rebecca Rodriguez,evanlambert@adams.com,169.364.0107,Port Christopherview,Tennessee,Switzerland,52,2026-03-05
183,Lisa Pierce,carllowe@hotmail.com,834.347.2538x20477,Kingmouth,Alabama,Lebanon,37,2026-02-08
184,April Shelton,jacksonalison@taylor.biz,5989045473,Mcbridetown,Tennessee,Turkmenistan,48,2026-01-07
185,Justin Jones,wcrawford@yahoo.com,135.480.7325,Armstrongport,Maine,United States Minor Outlying Islands,21,2021-07-08
186,Colleen Hurley,jenniferflynn@yahoo.com,001-637-433-1485x95038,South Vincentfurt,Delaware,Suriname,25,2025-05-24
187,George Gonzalez DDS,robertsmichael@yahoo.com,778.360.5681x081,Lake Andrewland,Tennessee,Guinea-Bissau,56,2021-06-29
188,William Hendricks,zanderson@wiley-hopkins.com,001-871-553-7679x782,Johnsonmouth,New Mexico,Jersey,33,2026-03-20
189,Robin Romero,scottscott@allen.com,+1-017-148-9610x406,North Brianborough,New York,Equatorial Guinea,31,2025-07-22
190,Jeremy Stafford,harmonkatelyn@jones-wright.org,001-644-838-5672,North Jessica,Indiana,Switzerland,47,2022-08-10
191,Joshua Perry,tinaroberson@buck-rowe.com,535.649.1240,East Tonyview,Kansas,Lao People's Democratic Republic,66,2022-12-10
192,David Reed,masseyvictor@taylor-ochoa.com,(034)050-9717x9920,Hugheschester,Washington,Cameroon,64,2022-04-20
193,Patrick Lowery,jessicaroach@yahoo.com,001-254-853-1374,Port Christinabury,Connecticut,Mali,56,2024-11-27
194,Julian Anderson,abenjamin@hotmail.com,+1-746-284-8402,New Clintonfort,Rhode Island,Guadeloupe,33,2023-03-04
195,Gerald Morton,michellewebb@chavez.org,456-051-9147x6679,East Stevenhaven,North Dakota,Andorra,57,2025-10-14
196,Zachary Wilson,daystacy@henry.info,926-106-8063x332,Moralesland,North Carolina,Puerto Rico,64,2022-09-19
197,Priscilla Olson,johnkennedy@yahoo.com,471.123.4753,East Mary,Nebraska,Poland,29,2023-09-05
198,Michelle Alvarado,torrestammy@hotmail.com,+1-175-041-3185x72875,West Kristopher,Pennsylvania,Georgia,39,2024-08-02
199,Sara Adams,allisonflores@martin-smith.com,001-021-604-9674x309,East Lindatown,Mississippi,United Arab Emirates,34,2025-06-28
200,James Zamora,anthony64@oconnor.com,478-994-6976x81462,Amandaview,Vermont,Finland,51,2024-10-03
201,Russell Woodard,brittany58@gmail.com,(759)599-7802x6451,Lake Stephanie,Kentucky,Mongolia,58,2025-01-11
202,Jonathan Kelly,wday@hotmail.com,909-643-4429,Lindseyland,Texas,Canada,64,2023-07-12
203,Michael Thompson,lisaedwards@gmail.com,4356022230,Katherinetown,South Carolina,Myanmar,37,2022-01-12
204,Zachary Collins,allenjoseph@burgess-johnson.com,001-947-503-2597x855,Leeborough,Alabama,Bosnia and Herzegovina,33,2022-04-28
205,Timothy Curry,pamelabrown@yahoo.com,092.536.2623x5086,Hansenton,Pennsylvania,Cuba,51,2022-07-03
206,Kathleen Francis,jonathanchavez@gmail.com,(467)109-5122x960,South Andreamouth,Kansas,Micronesia,22,2023-05-01
207,David Dawson,dgibbs@hotmail.com,001-812-918-8066x9132,Laurachester,Wyoming,Guinea-Bissau,24,2025-10-11
208,Jennifer Brown,salazarandre@yahoo.com,(483)616-8447x4907,Lake Meghan,New Hampshire,Macao,63,2021-10-22
209,Nathan Harper,chad52@medina-anderson.org,4609555077,Mariamouth,New Jersey,Morocco,61,2024-04-02
210,Robert Avila,norrisnancy@hotmail.com,977.397.2835x88150,West Donnahaven,Oregon,Samoa,66,2024-05-20
211,Erica Price,calvin94@hotmail.com,281-440-0537,New Michael,Tennessee,Falkland Islands (Malvinas),66,2026-05-11
212,Justin Nunez,crystal42@gmail.com,1853572308,West Christinefurt,Massachusetts,Namibia,22,2024-09-13
213,Scott Davis,aguilarchristopher@richardson.info,+1-064-665-1543x74957,Greenmouth,Kansas,Nauru,55,2024-08-02
214,Curtis Randolph,richardsonstephanie@gmail.com,(502)932-3231,Michaelshire,Maine,Lesotho,37,2023-04-13
215,Richard Cohen,lindseyjackson@white.biz,001-033-690-4062x47453,Joannaport,New Hampshire,Belize,43,2021-06-09
216,Sherry Lyons,odouglas@gmail.com,(310)862-5788x3511,Lindaport,Delaware,Mauritania,68,2025-02-12
217,Mrs. Stephanie Adams,sean48@brown.info,001-429-716-2069x904,Jenniferstad,Delaware,Aruba,65,2023-06-20
218,Andrew Wilson,fisherstephen@yahoo.com,5961179328,New Carl,South Carolina,Martinique,41,2025-10-06
219,Jennifer Orr,ambernguyen@hotmail.com,418-704-4030,Port Joel,Texas,Panama,25,2026-04-26
220,Kathy Johnson,ronaldgardner@gmail.com,720.515.7820,Lake Jeremy,Utah,Niue,39,2025-07-12
221,Corey Thomas,joseph55@hendrix.com,001-965-420-3297x6278,South Ryanton,Arizona,Korea,38,2021-12-10
222,Victoria Sellers,hudsonanna@wall-young.com,205-978-2351,East Sarah,California,Thailand,52,2025-01-19
223,Ashley Burke,timothy06@gmail.com,115.205.6206,Baileyside,Rhode Island,Belize,50,2023-05-29
224,Ricardo Yang,eric78@berg-hughes.com,001-281-046-6268x09784,Lake Christinefurt,Vermont,Aruba,66,2022-12-17
225,Dustin Mcdonald,jjones@schneider.com,+1-805-372-6919,West Chadmouth,New Mexico,Jordan,41,2021-07-20
226,Jason Scott,fosteramber@burke.com,+1-516-626-7792x27888,Jenniferborough,Alaska,Algeria,50,2024-07-16
227,Valerie Bartlett,kennethhunter@harrison.com,254.636.3877,West Zachary,New Jersey,Netherlands Antilles,24,2023-04-26
228,Virginia Johnson,howardbernard@gmail.com,+1-442-280-0431,South Donnatown,Connecticut,Nauru,29,2022-09-01
229,Sharon Walker,michaelrobinson@yahoo.com,744.750.8452x95793,Humphreyburgh,Missouri,Zimbabwe,52,2025-10-01
230,Paula Evans,gwalker@figueroa.biz,+1-381-351-8702x032,Claybury,Connecticut,Congo,26,2021-11-10
231,Dylan Maxwell,ronald12@hotmail.com,+1-195-737-8348,Derrickbury,South Dakota,Macao,45,2022-11-28
232,Jason Turner,josephwilkins@davis.com,+1-743-933-4212x625,Robertstad,Nebraska,Syrian Arab Republic,59,2022-05-09
233,Jon Burns,stephenallen@yahoo.com,001-363-258-2701x039,East Isaiah,Rhode Island,Bosnia and Herzegovina,65,2024-06-23
234,Beth Williams,ggutierrez@gmail.com,2546589687,Hartmanstad,Colorado,New Zealand,28,2021-06-25
235,Diana Lee,peter20@smith-conner.com,614.191.4287x58152,Edwardville,New Jersey,Trinidad and Tobago,38,2023-11-11
236,Reginald Martinez,christopherpatel@gomez-short.org,381-902-9714,Rodriguezhaven,Arizona,Yemen,35,2023-03-04
237,Hector Castaneda,ryanduffy@brown.biz,907-572-4762,Goodport,New York,San Marino,67,2022-01-17
238,Jessica Wall,xjennings@young.com,0529683671,North Robertaport,West Virginia,Guyana,57,2021-07-16
239,Evan Foster,nkelly@morgan-chang.info,+1-258-823-3048x216,East Samuel,Vermont,Latvia,48,2022-09-23
240,Beth Atkinson,sosajonathan@hotmail.com,(546)868-8705,West Jennifertown,New York,Cyprus,34,2025-10-16
241,Jerry Moreno,emilyshaw@hampton.com,+1-339-613-3369,East Benjaminville,Missouri,Trinidad and Tobago,52,2024-04-22
242,Ryan Macdonald,brandon48@gmail.com,001-185-531-6370x722,Christinebury,Massachusetts,New Zealand,42,2022-10-04
243,Robert Roberts,candice69@gmail.com,001-556-994-2599,Port Edwardborough,Arkansas,Romania,58,2025-12-03
244,Samantha Howard,amyhobbs@gmail.com,772-248-3877x657,North Brent,Michigan,Finland,42,2021-11-17
245,David Baker,gwilliamson@delacruz-manning.net,(583)780-5187,East Jessica,Arkansas,Cape Verde,49,2023-04-07
246,Tracy Rogers,karen15@buchanan.com,+1-606-708-0898x572,Clintonville,Washington,Namibia,18,2024-06-27
247,John Mendoza,rmiles@hobbs.com,976-833-1077x9551,Lake Jared,Idaho,Belarus,18,2024-03-18
248,David White,polsen@roberts-hill.com,600-683-9131,New Margaret,Virginia,Afghanistan,61,2026-04-18
249,Alicia Crawford,mary11@hotmail.com,001-694-683-7544x231,South Matthewview,Texas,Croatia,52,2021-10-11
250,Erica Ramirez,chelseaevans@smith.org,8832984810,West Michelle,Vermont,Angola,20,2025-12-03
251,Stephen Collins,feliciaballard@marquez.org,004.536.0191x556,North Jasonport,Massachusetts,Tajikistan,47,2024-06-30
252,Jeremy Terry,georgebenjamin@galvan-mckinney.info,001-442-598-2209x4445,Port Jamie,Vermont,Norfolk Island,32,2021-07-05
253,Veronica Mcpherson,janet80@pierce.com,(198)908-4963x90694,Port Tamaraland,Ohio,Zambia,30,2024-08-04
254,Ashley Obrien,susannguyen@hotmail.com,001-278-528-1390x18976,New Jimmychester,Maryland,Equatorial Guinea,54,2023-02-20
255,Holly Williams,ilyons@vasquez.com,365.277.9523,Lake Joshua,South Carolina,Australia,53,2024-05-21
256,James Jordan,tamaratanner@le-poole.com,697-946-7871x7942,Port Alyssamouth,Montana,Saint Helena,63,2023-09-05
257,David White,denisecabrera@romero.com,9911655670,East Jasonburgh,Montana,Montenegro,24,2026-04-01
258,Erin Graves,ibaldwin@hotmail.com,001-753-835-0188x15914,Shawnville,Hawaii,Antigua and Barbuda,54,2023-05-09
259,Kaitlin Mills,brittanyadams@george.com,3598662679,East Eric,Georgia,Kazakhstan,42,2021-12-22
260,Lisa Mcclure,jennifer52@yahoo.com,(128)163-0531,South Brandon,Indiana,Algeria,47,2022-01-28
261,Amy Phillips,rachaelschmidt@diaz.info,(685)289-7969x3138,South Ralph,West Virginia,Korea,26,2021-12-23
262,Charles Green,tjensen@larson.org,001-112-832-9502x34773,New Katherine,Michigan,Venezuela,55,2023-07-22
263,Matthew Padilla,jramos@hotmail.com,001-063-261-7478,Fullershire,Louisiana,French Polynesia,68,2024-06-09
264,Zachary Hernandez,jeffrey13@yahoo.com,+1-196-447-4761x2060,Vasquezborough,Connecticut,Rwanda,25,2024-02-16
265,Donald Galloway,theresa03@sanchez-nelson.com,(994)507-5075x540,Schroederton,Montana,Guatemala,21,2022-06-12
266,Michael Rodriguez,michael17@yahoo.com,444-403-3610x577,West Jasmineberg,South Dakota,Saint Barthelemy,23,2026-03-09
267,Louis Pittman,micheal89@gmail.com,+1-509-273-6088x6815,South David,Oregon,Bolivia,30,2025-03-24
268,Edward Morse,williamsmikayla@shaffer.com,962-708-0946x4909,Bryanmouth,Kansas,Antarctica (the territory South of 60 deg S),20,2024-06-07
269,Joshua Becker,ericgarza@lopez.com,007-392-4730x39670,Palmerview,Washington,Kazakhstan,56,2022-01-31
270,Ryan Bailey,armstrongveronica@harmon.com,+1-869-979-3901x05727,Port Cynthiashire,North Carolina,Portugal,34,2025-07-12
271,Elaine Garza,lewisdaniel@chang.com,875-202-3881x23158,Brittneytown,Wisconsin,Guinea-Bissau,26,2021-07-12
272,Amanda Rodriguez,joshua28@hotmail.com,151-539-7287x12957,South Cynthiatown,Maryland,Cook Islands,62,2022-10-20
273,William Ortiz,charles31@hotmail.com,(936)990-3310,Scottstad,Nebraska,Bermuda,36,2023-05-31
274,Ashley Hunter,richardtina@mckee.com,935.366.3454,South Angie,Kentucky,Ecuador,62,2023-06-12
275,David Burke,amandashaffer@gmail.com,+1-713-180-4581x383,East Jesse,Rhode Island,Fiji,36,2025-08-29
276,Jonathan Adams,nburton@holt-scott.com,(690)639-1845,Millerside,Pennsylvania,Micronesia,55,2024-05-14
277,Katherine Singleton,jill69@yahoo.com,588-342-8246,Lake Tomchester,Maryland,Panama,32,2023-06-22
278,Monique Bell,thomasball@gmail.com,+1-804-112-8200x4353,West Bernardmouth,North Dakota,Congo,25,2024-11-20
279,Heather Potter,shelly36@yahoo.com,942-033-6767x320,New Christina,Kansas,Swaziland,50,2025-02-04
280,Michael Miller,vblackburn@adkins.net,+1-923-087-7646,New Anthony,Maryland,Sao Tome and Principe,63,2021-09-10
281,Edward Brown,amandadorsey@cervantes-whitaker.com,183-206-2791x971,West Catherine,Illinois,British Indian Ocean Territory (Chagos Archipelago),20,2025-04-26
282,Kimberly Fisher,jeremywiggins@hotmail.com,526.774.0425,Lake Kristi,South Carolina,Montserrat,60,2023-06-28
283,Juan Garrison,patricktimothy@bates.info,+1-307-844-5266x82364,Hollyshire,Nevada,Germany,32,2025-02-06
284,Veronica Mckay,nwilson@sims.net,595-558-5182x5047,South Kevin,Connecticut,Macao,24,2024-04-22
285,Matthew Todd,garrisonlawrence@hotmail.com,385.081.5430,Lewisberg,New Mexico,Lesotho,58,2022-02-02
286,Amber Jackson,warnold@hotmail.com,(357)355-9388,South Philipstad,Idaho,Macao,65,2025-02-12
287,Taylor Thompson,crobles@gmail.com,001-349-280-5399x233,Lake Kimberly,Mississippi,Palau,45,2022-03-04
288,Kelsey Snyder,uclements@mckenzie.com,(730)018-2063,Hullshire,New York,Fiji,62,2023-05-07
289,Mr. Brian Thompson MD,ajohnson@smith.info,491-973-1306x48115,New Heather,Mississippi,Qatar,63,2026-01-19
290,Clifford Brown,baxterlori@gmail.com,479-586-6449,East Patriciabury,Texas,Bhutan,59,2023-04-27
291,Nicholas Ramirez,danamercer@taylor.com,950-888-3920,East Lee,Wisconsin,Nigeria,64,2023-09-28
292,Matthew Robbins,kennethsmith@berry.com,706-676-4829,New Alicia,Massachusetts,Mexico,20,2022-12-20
293,Patrick Copeland,danielleporter@yahoo.com,274.077.2674x982,Hillburgh,Arizona,Antigua and Barbuda,56,2025-02-06
294,Denise Foster,mcintoshanthony@griffin.org,(521)865-5745x1603,East Valerie,Louisiana,Israel,68,2024-05-26
295,Joshua Garcia,vernon94@yahoo.com,9888001503,Edwardsstad,Wyoming,Ethiopia,65,2023-12-24
296,Ricky Smith,ryan53@myers.com,159-954-5207,West Michaelfurt,Minnesota,Croatia,70,2023-04-22
297,William Cole,richardssamuel@foster-arellano.com,631-516-9230,North Connie,Pennsylvania,Cocos (Keeling) Islands,60,2021-12-07
298,Michael Brown,ricardo32@rodriguez.com,585-050-9755,Lake Sarahbury,Wyoming,Reunion,34,2022-03-02
299,Shelby Webb,tammybradley@gmail.com,(911)296-7573,Abigailchester,Vermont,Mayotte,47,2023-06-05
300,Rachel Mcmahon,stephenrichards@graham.info,(435)432-8430,Smithland,Mississippi,Kenya,46,2022-06-02
301,Christopher Williams,lhendricks@hatfield.com,035.526.8903x5369,East Angelamouth,Utah,Kenya,45,2022-04-25
302,Michael Dougherty,susan33@martin-smith.net,+1-012-298-6214x7792,Floresview,Idaho,Spain,31,2025-02-28
303,Anthony Gamble,anthonyschroeder@hotmail.com,248-065-6823x1736,Webbshire,Maryland,Serbia,23,2023-04-22
304,Jonathon Anderson,edward95@roach.info,(558)586-7837x711,Elliottchester,Georgia,United States Virgin Islands,42,2025-02-24
305,Gary Scott,tbrown@ford-cooke.net,+1-215-377-3535x38025,Lamhaven,Nevada,Bangladesh,58,2021-10-18
306,Roberta Brown,greeralexander@yahoo.com,(117)133-9729,West Deborahborough,Iowa,Sri Lanka,19,2024-06-02
307,Michelle King,elopez@edwards.com,001-678-231-0644x344,Chungshire,California,United States Minor Outlying Islands,49,2024-01-13
308,Heather Flowers,maxwell50@hotmail.com,412-124-3758,North Douglas,Arizona,Bahrain,52,2023-09-25
309,Patrick Ball,snyderheather@hotmail.com,001-488-256-3801x46468,New Jerry,Florida,Armenia,43,2025-08-06
310,Jason Smith,rachel22@holder.com,001-988-923-6290,Larsonville,Oregon,Malta,60,2021-10-20
311,Megan Hanson,john84@ortiz.com,001-027-784-9623x5056,Wushire,West Virginia,Saint Helena,61,2025-12-30
312,Brandon Ford,gregory80@larson.com,001-507-726-8390x6491,Lake Jason,Maine,El Salvador,50,2023-06-29
313,Jason Thomas,rhonda20@hotmail.com,576-422-6481x274,New John,Idaho,Saint Helena,23,2022-09-22
314,Todd Gonzalez,rojaslindsay@edwards.com,(190)229-4777x407,Michelechester,Colorado,Nicaragua,20,2024-09-25
315,Monica Warren,williamsjeffrey@perkins-joseph.com,+1-629-542-1350x43372,Debbieborough,Montana,Kenya,64,2022-07-14
316,Richard Anderson,ssuarez@yahoo.com,+1-483-376-1533x9502,South Kimberly,Georgia,French Polynesia,58,2022-01-27
317,Jenna Decker,contrerasthomas@donovan.com,001-415-774-7262x310,East Danielmouth,Georgia,Romania,64,2023-09-05
318,Terry Smith,gomezdarrell@hotmail.com,+1-610-632-9235,East Maryville,Louisiana,Costa Rica,62,2021-09-23
319,Zachary Bell,smithallison@nguyen-parrish.com,(894)998-9016x17513,Port Jeffrey,New Hampshire,Colombia,25,2024-05-27
320,Paul Hancock,scottkevin@ingram.com,(606)179-2964x626,New Jennifer,Oklahoma,Guinea,55,2025-02-07
321,Jonathan Smith,mfisher@mcconnell.net,558.845.6045x6546,Deannaburgh,Florida,Kuwait,61,2023-10-19
322,Katelyn Roberts,tking@gmail.com,001-097-825-7882x5414,East Desireeside,Nevada,Botswana,51,2023-11-23
323,Linda Moreno,david04@yahoo.com,868.921.0916x109,Pattonmouth,Delaware,Monaco,34,2023-12-10
324,Sean Hess,john38@gmail.com,1327138046,Garrisonhaven,Oregon,Ecuador,61,2022-09-04
325,Kelly Ryan,vanessa42@jones.info,091.862.5711x8401,East Mary,Arizona,Trinidad and Tobago,54,2022-03-27
326,Christine Fisher,nbailey@everett-young.info,047.784.2088x723,Larsonchester,New Hampshire,Bhutan,22,2025-05-09
327,Jordan Johnson,callen@holland.com,(877)147-7039x1678,South Ashleymouth,Iowa,Bulgaria,23,2021-08-14
328,Lisa Richardson,reillyjohn@yahoo.com,(661)269-4845x155,Gabriellefurt,Wisconsin,Isle of Man,35,2022-04-19
329,Kelly Harrell DVM,christopher62@hotmail.com,+1-733-206-6319x05318,Raymondton,Tennessee,Liechtenstein,32,2023-02-27
330,Sandra Wright,hallmanuel@yahoo.com,(842)748-4716x6859,North Sarabury,Iowa,United Kingdom,45,2025-03-06
331,Peggy Moses,yhansen@yahoo.com,604-023-2585,Jacksonburgh,New York,British Indian Ocean Territory (Chagos Archipelago),39,2025-01-16
332,Thomas Dennis,jonesdonald@barnett-cook.biz,+1-323-957-8862x19421,Johnchester,Montana,Botswana,24,2025-02-26
333,Joshua Webb,joshuahouston@nguyen-summers.biz,+1-474-996-0966x5068,Kaylachester,Nevada,Bangladesh,50,2021-08-11
334,Christopher Phillips,jamescatherine@hotmail.com,008-068-7518x521,West Billy,Wyoming,Sri Lanka,28,2026-02-24
335,Rhonda James,adamsmichael@hotmail.com,616-502-0368,Lake Debbiehaven,Wisconsin,Lithuania,32,2022-08-27
336,Pedro Jones,jameslynn@white-johnson.net,001-490-792-7254x46309,East Arthur,Massachusetts,Jordan,25,2024-09-29
337,Suzanne Mcbride,jacob64@gmail.com,+1-716-091-3407x282,New Luismouth,Iowa,Austria,70,2024-08-19
338,Kim Buck,kgomez@peck.com,(515)109-1829x71988,Gonzalezmouth,Missouri,Kuwait,42,2024-02-03
339,Corey Gibson PhD,hernandezvanessa@doyle-wilson.info,5267189846,Port Lisa,Idaho,Mali,66,2023-03-28
340,Brandon Miller,lpatterson@woodward-kramer.org,511-719-7343x8455,Stonemouth,Minnesota,French Southern Territories,43,2022-10-07
341,Larry Downs,wilkinsonjoseph@yahoo.com,855.247.6571,Howardmouth,South Dakota,Costa Rica,69,2021-11-18
342,Daniel Clark,mdavis@ray-holland.org,701.839.4562,Rossmouth,Wisconsin,British Indian Ocean Territory (Chagos Archipelago),32,2023-04-23
343,Rebecca Ross,llewis@brown.biz,860.145.3459x395,Shaneview,Hawaii,Belgium,50,2025-06-20
344,Isaac Nichols,michellechristensen@yahoo.com,740-342-8716x8137,Port Laura,Wyoming,Austria,20,2023-10-08
345,Bianca Bennett,wesleyprice@gmail.com,149.033.1914x3163,Brewerland,Kentucky,Vietnam,65,2024-07-30
346,Andrew Estes,sreid@hotmail.com,610-008-6344x554,Mullenview,New Mexico,Mongolia,33,2021-08-09
347,Tracie Rollins,mccormicklauren@jackson.biz,073-887-4983,Woodland,Indiana,Gambia,25,2021-08-31
348,Laura Barrera,ymata@wilson.org,+1-863-345-8596x77891,East Michaelhaven,Delaware,Croatia,35,2024-07-11
349,Kimberly Mason,alexisgarner@gmail.com,001-520-734-9178x9573,Port Gregory,New York,Equatorial Guinea,43,2023-03-04
350,Ann Cruz,dylanramirez@hamilton.net,661-716-5572x21641,South Lawrenceland,Connecticut,French Guiana,41,2022-04-06
351,Courtney Jones,mitchellanderson@bird.org,972-376-6254,Reedstad,Michigan,Cote d'Ivoire,56,2024-10-31
352,Stephen Newman,vmay@martin-friedman.com,001-833-295-1874x96553,Simmonsport,Colorado,Cameroon,37,2024-03-11
353,Anthony Wilson,walterporter@parrish.info,001-430-461-8499,North Tinastad,Oregon,Finland,68,2023-04-03
354,Natasha Becker,rodriguezjanet@yahoo.com,001-163-571-9452x403,Amyview,Wyoming,Saudi Arabia,23,2024-06-12
355,Rebecca Johnson,gbrooks@erickson.org,648.838.1959x92020,North Briantown,Oklahoma,Seychelles,45,2023-12-09
356,Kenneth Bryan,bstewart@chavez-duffy.com,+1-994-942-7542x765,Garzaburgh,Indiana,Hong Kong,58,2023-06-09
357,Nichole Griffin,laurie50@williams-alexander.net,+1-641-293-5927x26192,East Joshua,Pennsylvania,Martinique,66,2024-05-26
358,Sally Johnson,cynthiavasquez@johnson-anderson.biz,001-743-592-0030x156,Port Alexandertown,Virginia,Ethiopia,42,2025-07-22
359,Jennifer Wood,xstewart@williams.com,(487)517-6556x5205,New Darrell,Alaska,Mali,20,2023-02-17
360,Timothy Bradley,mary09@yahoo.com,677-947-0022,East James,California,Eritrea,23,2025-04-24
361,Erica Brown,pattersonmegan@hotmail.com,432-542-1321,North Maxmouth,Tennessee,Lebanon,44,2023-03-29
362,Jacob Williams,williamseric@gmail.com,591-034-5249,Port Markshire,Utah,San Marino,27,2024-12-15
363,Sheila Oliver,laura25@gmail.com,+1-154-180-9702x439,New Jill,Pennsylvania,Luxembourg,21,2026-01-26
364,Brent Fisher,lisarichmond@morris-bennett.org,462-738-1357,Karenfort,Colorado,Poland,57,2022-10-26
365,Chelsea Wagner,williamsjack@maxwell.com,734.926.9673x1030,South Gregoryborough,Oregon,Palau,44,2022-09-22
366,Jacob Hughes,jstevens@burnett-tran.com,186-634-5294x0919,East Stephenfurt,Michigan,Myanmar,50,2022-07-23
367,Nicole Brooks,tiffanysmith@gmail.com,308-673-0305,Serranostad,Tennessee,Bhutan,32,2022-12-13
368,Katie Haynes,coxmonica@hernandez.com,161-309-5226x18242,Port Debbiemouth,Indiana,Greenland,24,2024-11-09
369,Ryan Thomas,dustin66@hotmail.com,932.016.3952x265,Robertstad,Tennessee,Honduras,62,2022-02-16
370,Kevin Parsons,dwayne37@hotmail.com,212.054.5396x94715,New Carolynburgh,Michigan,Eritrea,42,2024-05-31
371,Leslie Harris,matthew34@gmail.com,+1-803-730-9809x880,Lake Michael,New York,Rwanda,36,2024-04-21
372,Kevin Brown,brucethompson@yahoo.com,001-390-591-6717x72588,Sawyerland,Montana,Ghana,19,2022-10-06
373,Jacob Clark,snowjanet@williams.biz,639-717-4312,East Elizabeth,Illinois,French Polynesia,56,2022-10-11
374,Brandon Gomez,bmartin@miller-stewart.com,027.125.5920x9669,Perryton,Florida,Saint Helena,66,2022-02-28
375,Joshua Johnson,amorrison@bentley.com,661-970-0349,Kyleborough,Kentucky,Cameroon,38,2021-06-18
376,Gerald Smith,mmartinez@sampson-stokes.net,(677)592-0732,Grahammouth,Missouri,Faroe Islands,40,2022-12-24
377,Angela Waters,georgedouglas@hotmail.com,919.163.2269x099,Edwardsland,Wyoming,Bahamas,18,2025-10-13
378,Makayla Davis,ytrujillo@yahoo.com,743-439-7175,Ryanville,Alaska,Wallis and Futuna,43,2022-08-10
379,Robert Chaney,harrisscott@peterson.com,(937)275-1916,East Colleenmouth,Nebraska,Peru,23,2023-02-15
380,Lindsey Acevedo,jennifer47@gmail.com,506.472.4365x38158,Lake Jocelynburgh,South Carolina,Norway,51,2024-10-24
381,Victoria Perry,kristinewalsh@hotmail.com,+1-350-621-0072x00619,Lake Michaelchester,Michigan,Mauritius,69,2022-10-05
382,Patricia Hernandez,hillmark@yahoo.com,001-072-346-3970x9347,Changland,Connecticut,Finland,68,2023-10-15
383,Elizabeth Pennington,rosselizabeth@cross-gibson.org,441-560-0550x41686,Robertomouth,Iowa,Spain,47,2024-05-13
384,Connor Beasley,davidcox@yahoo.com,+1-924-135-6378,South Cherylburgh,Alaska,Mauritania,36,2023-04-10
385,Jennifer Walker,kwilliamson@gmail.com,458-695-3390x1976,Jonview,New Mexico,Swaziland,24,2023-12-05
386,Linda Guerrero,dwebster@yahoo.com,438-172-9130,Stacyborough,Illinois,Brazil,36,2023-10-28
387,Katelyn Diaz,johnsonpaula@henry-graves.org,469.707.8440x257,Geraldfort,Washington,Hungary,44,2024-10-01
388,Evan Hill DDS,ewilson@gmail.com,5354735590,Evansmouth,New Mexico,Cyprus,70,2023-03-09
389,Tyler Ortiz,ggraves@gmail.com,029.459.9072x1675,Carterhaven,Nevada,Reunion,36,2025-09-01
390,Courtney Payne,davisamy@simpson.com,184.021.4533,Emilychester,New Mexico,Sri Lanka,35,2021-11-25
391,Carrie Moore,gturner@yahoo.com,569.691.2489x67218,New Melissa,Nebraska,Cuba,41,2025-09-30
392,James Donaldson,taylorcharles@yahoo.com,708-672-3756,East Monique,New Jersey,Suriname,56,2022-02-09
393,Leah Garcia,sanchezbrianna@valencia.com,855-353-5166x507,Lake Cindy,Colorado,United States of America,68,2023-01-31
394,William Reyes,jonathancordova@hotmail.com,894.905.8481x162,North Tylertown,Florida,Russian Federation,26,2023-04-21
395,Bradley Lucas,allison82@jackson.com,(548)482-2420x774,West Donnaberg,Washington,Zimbabwe,69,2025-07-13
396,Ashley Obrien,msmith@kennedy.biz,(661)075-4741,South Diane,Oregon,South Africa,47,2022-12-02
397,Brandi Brown,murphykristen@cervantes.com,(866)249-3171x607,East Amy,Montana,Christmas Island,62,2023-07-04
398,Anne Stokes,matamakayla@harris-holland.info,0075370717,North Antonioton,Colorado,Korea,30,2023-08-05
399,Patricia Diaz,melissasolomon@yahoo.com,446.412.0583,Garrisonfort,Minnesota,Papua New Guinea,26,2025-06-02
400,Susan Wang,mjensen@ward.info,6951138113,New Edwardburgh,Connecticut,Jersey,59,2026-03-04
401,Raymond Benson,ashley91@weiss-morris.com,(335)619-5491,Lake Danland,Arkansas,Venezuela,32,2026-04-29
402,Erica Horne MD,anthony71@montgomery.biz,001-778-308-1553x086,Andrewtown,North Carolina,Palestinian Territory,33,2023-05-15
403,Craig Edwards,leonard53@yahoo.com,440.992.6786,North Dawn,Alaska,Korea,57,2025-03-21
404,Joanne Jackson,mtorres@hotmail.com,+1-381-477-3093x9231,Davidmouth,Wyoming,Timor-Leste,43,2025-06-20
405,Carolyn Miles,ssalinas@yahoo.com,(776)155-6086x0889,West Bonnieside,Utah,Thailand,52,2025-12-22
406,Cynthia Williams,olsenshannon@gmail.com,001-733-573-7142x983,New Crystal,Idaho,Belize,53,2024-08-27
407,William Wilson,hwright@taylor.net,+1-893-801-6798x6008,Jacksonchester,Iowa,Uruguay,40,2026-02-18
408,Nicholas Rojas,martinezthomas@bray.com,915-158-9206,North Lindsay,Michigan,Ecuador,47,2026-04-13
409,Samuel Reeves,scott04@turner.org,740-666-9148x980,Port Richardville,New York,Greece,49,2023-07-12
410,Joseph Stanton,brentgonzalez@horton-reid.com,296-844-7800,New Cynthia,Missouri,Somalia,65,2026-03-01
411,Daniel Reid,samuel41@stein.com,791.792.2804x677,Annaville,Virginia,Guam,37,2024-12-26
412,Theodore Jackson,dickersonjacob@mercer.biz,5467060222,New Tracyburgh,Indiana,Mali,23,2025-09-26
413,Joy Hicks,lreynolds@yahoo.com,308.951.7487x766,West Marcusland,North Dakota,British Indian Ocean Territory (Chagos Archipelago),26,2024-01-04
414,Bradley Moore,kmiller@king.com,001-521-120-7684x2225,Morrisonview,Delaware,Indonesia,55,2026-03-30
415,Sarah Young,dicksonchristine@stewart.com,987-182-2816x13230,West Hannahbury,Illinois,United Kingdom,52,2022-06-17
416,Katelyn Pacheco,wmills@martinez-francis.com,(340)213-4317,Amandaview,Georgia,Italy,63,2025-08-17
417,Roberto Carter,campbellkathy@yahoo.com,1106516042,Lake Connie,Wyoming,Cuba,35,2023-05-01
418,James Foley,nancydelgado@francis-mcdaniel.net,+1-496-763-2528x48389,West Jean,New Hampshire,Micronesia,59,2022-08-26
419,Dean Anderson,nhughes@gmail.com,(321)751-9493x66833,South Alicia,Pennsylvania,Algeria,28,2021-11-14
420,Daniel Hoffman,levi76@gmail.com,(106)430-9679x302,East Nicole,New Mexico,Argentina,67,2022-01-24
421,Dana George,nathanmiller@martinez.com,241-806-2457x445,Weberfurt,New Jersey,Qatar,60,2023-11-22
422,Sean Freeman,ccruz@yahoo.com,001-680-009-0242,Port Jennifer,North Dakota,Cote d'Ivoire,34,2024-11-03
423,Jamie Green,ryanroberts@goodwin-cox.com,001-516-130-8337,Melissaberg,Illinois,Saint Barthelemy,57,2021-06-10
424,Shelia Burgess,kathy30@macias.com,160-842-7127,Kimberlyhaven,Michigan,Central African Republic,68,2021-12-19
425,Amy Howard,changmargaret@cardenas.org,641.386.8506,Clarkfurt,Kentucky,Norfolk Island,32,2025-11-26
426,Hannah Bennett,ihoffman@gmail.com,342.431.8869,South Christinastad,Kentucky,Portugal,57,2021-10-09
427,Taylor Gilmore,jonathan19@yahoo.com,488-138-6900,Port Vanessa,Kentucky,Bahrain,60,2025-02-25
428,Robert Edwards,debrabray@wood.com,(420)296-3541x1750,South Michaelport,Missouri,Tunisia,49,2022-10-05
429,George Cox,regina89@yahoo.com,001-220-025-0210x33182,Elliottville,Tennessee,Lebanon,65,2026-03-03
430,Larry Johnson,ybrooks@yahoo.com,225-608-2539,Heatherhaven,Arizona,Bolivia,53,2022-02-11
431,Kevin Smith,heather73@yahoo.com,5064235348,West Sabrina,Utah,Palau,51,2023-01-08
432,Nathan Hays,katrinasmith@horton.com,+1-035-732-7735x41493,Jasonmouth,Michigan,French Southern Territories,62,2025-11-01
433,Matthew Smith,sandra07@yahoo.com,001-864-121-8266,Lake Jennifer,Kansas,Samoa,70,2021-09-16
434,Tara Bowman,michaeloconnor@yahoo.com,001-171-742-2478x21309,Christinemouth,New Mexico,Martinique,33,2025-05-26
435,Christopher Reed,derrickhuffman@nguyen.info,869.027.5107x81960,North Brittanyland,Virginia,New Caledonia,23,2025-06-13
436,Brandon Anderson,hardymichael@herrera.com,+1-985-964-8549x588,Port Annatown,California,United Arab Emirates,41,2024-09-04
437,Micheal Lindsey,ann13@clark-harris.biz,750.127.9152,Port Andre,Maryland,Antigua and Barbuda,64,2025-01-06
438,Rebecca Nelson,dboone@gmail.com,001-317-367-8374,Johnborough,Minnesota,Cook Islands,37,2024-09-17
439,Rhonda Brown,darrenlee@tanner.org,+1-993-437-1087,Tammychester,Maine,China,32,2021-08-27
440,Devin Cooper DVM,sosasherri@gmail.com,001-322-344-4695x884,Williamsville,New Mexico,Czech Republic,46,2022-05-22
441,William Wilson,charles04@garcia.com,517-559-9064,South Gerald,Connecticut,Saudi Arabia,67,2024-04-15
442,Raymond Lawson,phillip64@gmail.com,(214)712-9441x496,Reynoldschester,Tennessee,Mauritania,64,2025-11-22
443,Joshua Bates,robin53@yahoo.com,(748)695-9630x94139,Smithhaven,Arizona,Palau,54,2022-08-26
444,Ashley Green,brian21@osborne.com,001-022-313-5692x5868,Port Judyburgh,Louisiana,Faroe Islands,18,2024-07-09
445,Gabrielle Gilbert,matthew33@yahoo.com,146-395-9143x14693,West Theodore,Wyoming,Ukraine,34,2025-04-14
446,Alyssa Riggs,cynthiadiaz@mitchell.com,001-212-465-0316x096,North Robert,Arkansas,Iraq,38,2024-03-30
447,Joshua Gonzales,wlee@hotmail.com,167.220.2633x957,Maryshire,New Hampshire,Iraq,63,2023-04-30
448,Joseph Brock,lyonsandrea@hotmail.com,001-093-059-6686x8764,North Brandon,Michigan,Thailand,21,2022-08-30
449,Kenneth Hoover,christopher79@hoffman.com,+1-545-926-6307x6587,Port Leslieland,Louisiana,Niue,22,2021-10-23
450,Sarah Bright,davidcarter@cox.biz,797-463-7653x53183,South Karenmouth,Virginia,Norway,35,2024-08-15
451,Frank Smith,julielyons@martin.org,725-596-6040,Collinsmouth,Rhode Island,Singapore,60,2022-02-08
452,Elizabeth Bell,wongdeborah@vaughn-hall.com,001-248-576-9473x5327,New Johnhaven,Maryland,Congo,55,2022-02-21
453,Stephanie Patrick,patrick29@yahoo.com,620-427-2279,Frederickborough,New Hampshire,Gabon,31,2024-05-14
454,Julie Christensen,collinsmatthew@yahoo.com,(464)124-3584x8228,Bondshire,Michigan,Saint Barthelemy,70,2021-08-17
455,Stacy Rivera,elizabethsummers@yahoo.com,438.582.0742,East Luke,Alabama,Nauru,43,2022-03-03
456,Mary Meza,vkaiser@summers-bowen.com,4165669178,Tommymouth,South Dakota,Belize,60,2025-08-03
457,Daniel Cunningham,henrythompson@hotmail.com,001-185-772-3226x92435,Brittanymouth,Kansas,Moldova,64,2025-12-25
458,Sharon Spencer,cummingsdavid@martinez.com,001-059-1497x2531,Lake Jessica,Massachusetts,Puerto Rico,45,2025-11-15
459,Jennifer Hoover,david54@mcintosh.com,001-757-525-1308x128,Lake Davidtown,Florida,Madagascar,36,2022-02-10
460,Amanda Wallace,eprice@lang.com,495.975.6991x9255,Port Seanfurt,Missouri,Cayman Islands,59,2022-05-13
461,Brian Baker,hernandezcurtis@hotmail.com,+1-411-752-0891x7492,Xavierland,Massachusetts,Switzerland,40,2024-05-21
462,Tommy Hurley,jeffrey08@yahoo.com,332-798-4640,Lake Frank,Maine,Netherlands Antilles,64,2023-08-26
463,Sean Hale,gonzalezamanda@alexander.info,(778)826-8691,Gonzalesfurt,Indiana,United Kingdom,53,2023-03-31
464,Christian Davidson,bradleydaniel@hotmail.com,001-046-552-5009x500,Williamsbury,West Virginia,Qatar,64,2021-06-04
465,Jordan Weaver,sotojessica@brown.com,+1-499-270-4210,Carolynview,Tennessee,Vietnam,46,2024-12-17
466,Denise Terrell,joseph29@gmail.com,3982424338,Martinberg,Florida,Slovenia,33,2022-07-19
467,Nicholas Bradshaw,charlesbowers@hotmail.com,2728843285,Jessicabury,Utah,Isle of Man,54,2024-06-08
468,Matthew Ramos,johnathan39@gmail.com,(686)651-9406,Lake James,Nevada,Kuwait,40,2022-07-25
469,Steven Gonzales,dylanwilson@cruz.net,+1-248-131-0797x2376,Whiteville,Massachusetts,Lao People's Democratic Republic,68,2021-10-26
470,Jermaine Lawrence,valerie69@yahoo.com,+1-686-442-9056x2214,New Chris,Missouri,Western Sahara,26,2022-11-02
471,Lori Baxter,rochajames@hoover.com,(198)974-5333,Ebonyville,Kentucky,Macao,25,2023-02-02
472,Evan Rogers,gamblenicole@frazier.com,(824)379-6539,Steveburgh,Idaho,Kyrgyz Republic,26,2026-04-15
473,Brandon Carter,tracy30@johnson.com,(568)398-4998,West Davidtown,Hawaii,Malaysia,36,2023-09-21
474,Howard Rogers,bensonashley@craig.com,+1-396-765-8972x3379,Mayoberg,Maryland,Eritrea,64,2023-09-25
475,Kevin Harris,prattdouglas@yahoo.com,559-789-7725,East Sierra,South Carolina,Chad,61,2024-01-21
476,Jeffrey Parker,inash@hotmail.com,524.513.1389,Mayostad,Vermont,New Zealand,39,2021-06-03
477,Linda Hammond,robertbrown@hotmail.com,001-101-603-8367x376,Kellymouth,Illinois,Bolivia,31,2021-07-29
478,Sara Walters,richardkeller@gmail.com,476-509-5096x354,Joshualand,North Dakota,Antarctica (the territory South of 60 deg S),40,2022-05-12
479,Andrea Crane,pcox@peters.com,026-793-5092,Samuelstad,West Virginia,Romania,62,2024-03-26
480,Sharon Mays,jeremy76@gmail.com,001-621-170-9241x725,North Jacobstad,Arkansas,French Southern Territories,62,2022-09-26
481,Gina Benjamin,amanda39@pruitt-garcia.biz,7449789916,Ryanborough,Nevada,Malawi,63,2025-02-17
482,Kristopher Kelly,rosskatherine@hotmail.com,387-253-3660x680,Lake Kathryn,Kansas,Angola,65,2022-07-04
483,Anthony Castillo,jessicaschneider@gmail.com,984-026-5647,Vanessafort,Oklahoma,Vietnam,20,2024-01-13
484,Raymond Armstrong,gabriel87@yahoo.com,825.987.5648,Robinside,South Carolina,Lesotho,55,2023-01-30
485,Meagan Graham,uobrien@hotmail.com,(329)874-3564x8722,Lake Jeremybury,California,Norway,43,2023-01-27
486,Cassandra Fry,coffeydavid@gmail.com,806.529.9215x1600,Port Eric,Missouri,Haiti,29,2023-02-16
487,Denise Myers,christinewhite@hotmail.com,552.832.4960x14170,Ashleyhaven,West Virginia,French Polynesia,48,2024-08-18
488,Leslie Paul,kking@yahoo.com,+1-359-590-0406x130,Emilyside,North Carolina,Sierra Leone,37,2021-06-13
489,Mark Duran,ohunt@gmail.com,(719)359-5417x53508,Lake Jessicaberg,Washington,Burundi,60,2025-09-11
490,Donald Rogers,tiffany54@marks.info,(739)727-7085x043,South Leonburgh,Illinois,Russian Federation,41,2024-05-07
491,Amy Holland,qglover@hotmail.com,700-842-0024,Port Elizabethport,Connecticut,China,64,2025-09-06
492,James Kelly,crystalhall@huff.com,001-589-598-2585x068,South Donna,New Jersey,Bouvet Island (Bouvetoya),70,2022-05-31
493,Nancy Brown,ppowell@martinez-strickland.net,322.609.6648x8632,Hunterfurt,California,Bolivia,20,2025-05-14
494,Mr. James Mejia III,kevin93@yahoo.com,751-364-9840x99319,North Scottshire,Delaware,Fiji,37,2022-04-16
495,Donna Jackson,whitneyteresa@gmail.com,243.763.9080,Wardchester,North Dakota,Mauritania,24,2024-05-01
496,Nicole Jacobson,watsonkelly@simpson.com,627-494-3047x4585,Barkertown,Hawaii,Cyprus,61,2022-09-19
497,Jason Lindsey,lucas62@williams-wilson.net,336.479.6377x88376,Martinezside,Kentucky,Bermuda,30,2025-06-26
498,Hunter Price,wilsonbrett@yahoo.com,411-357-2776,Sanchezhaven,Louisiana,Albania,43,2025-04-29
499,Jared Anderson,uhinton@gmail.com,054-975-6347,Taylorborough,Mississippi,Puerto Rico,45,2023-11-12
500,Pamela Dawson,evansrhonda@wheeler.com,646-041-6809,West Nathanstad,New York,Suriname,34,2022-06-18
501,Samuel Taylor,jessica85@welch.biz,(511)868-6336x1007,West Monicaburgh,Nevada,American Samoa,33,2022-07-09
502,Edward Thompson,lewisevan@gmail.com,144.245.2398x528,Lake Ambershire,Massachusetts,Palau,19,2022-08-05
503,Debra Smith,twest@mcdonald.com,(283)549-8721,South Alexis,Vermont,Palau,47,2025-06-21
504,Ashley Pacheco,barryclements@gmail.com,+1-412-061-3470,Port Trevor,Colorado,Ukraine,35,2023-01-02
505,Robert Weber,walkerbrooke@yahoo.com,+1-576-931-4979x9180,East Jason,Kentucky,Ukraine,33,2021-10-20
506,Matthew Duke,wcollins@yahoo.com,727-070-2967,West Natalie,North Dakota,Cambodia,49,2022-06-14
507,Kenneth Lewis,ashleyallen@berry.net,392-902-9389x5503,Shawton,New Hampshire,Estonia,57,2022-12-24
508,Vincent Gonzales,ywells@hotmail.com,940-141-4726,New Thomasfurt,North Dakota,Jordan,48,2021-07-30
509,David Gross,williamjackson@gmail.com,948-157-3671,East Megan,North Carolina,Israel,31,2023-02-11
510,David Vaughn,acarter@bryan-cameron.biz,+1-890-147-2579x20713,West Calvin,Wisconsin,Moldova,61,2025-01-21
511,Tony Li,hallmaria@stone.biz,2545695879,North Stephanie,New Jersey,Iraq,35,2022-01-13
512,Cheryl Thompson,branchandrea@harris.com,001-648-420-8604x40254,Williamview,Washington,Guinea,66,2023-02-08
513,Angela Watkins,charlesgardner@yahoo.com,(499)401-9785x9778,Port Williamland,Indiana,Palau,44,2022-08-06
514,John Allen,markrichardson@yahoo.com,4124560502,Richardfort,Rhode Island,Hong Kong,28,2021-08-05
515,Sarah Hunter,amanda96@hotmail.com,353-671-8103x1339,New Robintown,Hawaii,Kiribati,57,2023-07-10
516,Edward Burke,jwilliams@schwartz.com,+1-607-675-8884,Taylormouth,Missouri,Cape Verde,46,2022-05-24
517,Dawn Davis,barbara21@carpenter.com,+1-227-583-7856x7436,North Virginiamouth,Nebraska,Estonia,39,2024-02-14
518,Natalie Taylor,armstrongtodd@king.com,402.099.2282,South Antonio,Maryland,Norfolk Island,50,2022-12-15
519,Timothy Jimenez,wpage@martinez.com,001-187-250-6321x78542,Melissahaven,Washington,Bosnia and Herzegovina,50,2024-07-02
520,Crystal Smith,gonzalezjeffery@gmail.com,+1-308-534-8419x85301,South Ralph,Ohio,Egypt,65,2024-08-15
521,Eric Warren,toddrobert@allen-johnson.org,(284)981-2433,Orrville,Montana,El Salvador,57,2021-08-18
522,Harold Martinez,wmiddleton@park.net,847.480.4207x37032,East Michelleburgh,Wyoming,Russian Federation,42,2025-11-06
523,Alexandria Ellis,deannahall@hall.com,135-743-5236x5731,Lake Samantha,Tennessee,Estonia,27,2023-05-06
524,Brianna Rodriguez,boothgabriella@yahoo.com,+1-592-418-9480x1182,East Jeremy,Ohio,Ireland,52,2025-03-26
525,Laura Little,tskinner@hotmail.com,523-299-1073x941,Garzaside,Hawaii,Cocos (Keeling) Islands,46,2023-10-31
526,Timothy Jackson,anthonyduran@garrett.com,(276)807-5125x9420,New Crystalport,Maryland,Portugal,49,2025-07-10
527,Kristina Schaefer,schwartzamanda@yahoo.com,249-367-1383,Hunterberg,Virginia,Colombia,68,2024-04-20
528,David Roberts,haydendavid@gmail.com,(974)941-1293x26175,New Jermaineburgh,New Mexico,Turkey,48,2025-12-28
529,Lynn Alexander,youngmary@ward-espinoza.org,000-655-3838x8507,Lake Sara,Hawaii,Lesotho,21,2023-06-18
530,Katherine Delgado,jose84@yahoo.com,8541984613,East Clintonton,Vermont,Timor-Leste,22,2023-07-06
531,Mary Taylor,parsonsjames@gmail.com,609.683.8459x70283,Lake Andrea,Iowa,Norfolk Island,46,2025-10-26
532,Jenna Williams,shannongarcia@hotmail.com,001-641-157-4113x3808,New Derrickfort,New York,Denmark,59,2022-06-22
533,Geoffrey Fleming,garylewis@wilson.com,886.745.0458x56976,Joseshire,Illinois,Uzbekistan,42,2025-05-08
534,Gregory Daniel,sandralewis@anderson-tanner.com,+1-738-304-7270x293,Lake Shannonview,Georgia,Comoros,21,2024-12-02
535,Paula Gilbert,davidlopez@yahoo.com,628.634.7938,Esparzamouth,Kansas,South Georgia and the South Sandwich Islands,59,2024-06-19
536,Robert Davidson,drodriguez@yahoo.com,167.905.6996x3303,North Michelefort,Colorado,Falkland Islands (Malvinas),24,2022-01-10
537,John Edwards,berrybrent@edwards.org,(785)905-6844,New Martin,Iowa,American Samoa,19,2023-01-25
538,Brooke Shields,tiffanyquinn@hotmail.com,209-019-5273,East Jessicafurt,West Virginia,Bermuda,26,2025-03-18
539,Nicholas Kennedy,tpayne@hotmail.com,(355)043-2575x5708,Port Sarabury,Alaska,Nigeria,66,2025-01-27
540,Eric Ramos,mcdowellwalter@spencer.com,001-979-317-6306x640,Gillfurt,New Mexico,Paraguay,30,2023-08-18
541,Christopher Marks,ellisalexander@fisher.net,001-140-436-4381x73892,Blankenshipberg,Connecticut,Paraguay,19,2022-05-20
542,Scott Torres,lynchmisty@hotmail.com,454.181.0834,Hernandezview,Utah,South Africa,18,2024-07-22
543,Carmen Finley,katelyngentry@yahoo.com,9625112182,Millerfurt,Alabama,Bouvet Island (Bouvetoya),33,2022-04-16
544,Shane Jackson,ymejia@gmail.com,+1-389-731-9677x59015,Port Michael,Montana,Morocco,50,2025-05-22
545,James Dixon,matthewsanna@yahoo.com,915.590.9965x36323,South Taraville,Texas,Yemen,47,2022-09-15
546,Shaun Cruz,melissarasmussen@gmail.com,001-842-792-7501x965,Gallegosport,New Mexico,Hong Kong,47,2022-03-01
547,Steven Acosta,sdiaz@yahoo.com,+1-418-910-9069x79498,Port Desireefort,Arkansas,Turks and Caicos Islands,70,2025-01-17
548,April Robles,jmccann@foster-macdonald.com,843.441.6527,South Jamesborough,Tennessee,French Polynesia,50,2023-12-20
549,Dustin Turner,jeremy12@yahoo.com,001-631-464-0274,Jameshaven,Mississippi,United States Virgin Islands,23,2024-07-11
550,Tara Carter,james53@jenkins.com,001-879-202-8768x206,Lake Brandonshire,Michigan,United Arab Emirates,60,2022-05-07
551,Joseph Wilson,qle@gmail.com,001-625-590-4553x9757,Theresaview,North Carolina,Saint Helena,53,2025-04-18
552,Jennifer Johnson,justinreed@charles.biz,001-998-983-9820x8372,New Michaelbury,New Jersey,Chile,58,2023-07-15
553,Edwin Zimmerman,fharrington@mcdonald.com,(841)187-5461x051,New Michelle,Pennsylvania,Tonga,40,2026-02-13
554,Jennifer Grant,ericjacobs@yahoo.com,001-950-746-3757x234,South Tammy,Tennessee,Algeria,49,2022-01-12
555,Brooke Ward,taylormegan@clark.com,(767)809-5800x1745,North Jennifershire,Virginia,United Arab Emirates,22,2024-12-04
556,Monica Petersen,meltonashley@yahoo.com,(313)101-5428,West Mark,Vermont,Antarctica (the territory South of 60 deg S),63,2022-01-13
557,Emily Garza MD,gberry@hernandez.com,+1-760-266-2806x971,East Alexfurt,Maryland,British Indian Ocean Territory (Chagos Archipelago),39,2023-08-31
558,Michele Sampson,alisonharris@gmail.com,001-913-907-6486x64617,Port Joseph,Kansas,Ethiopia,40,2025-06-11
559,Mr. Zachary Galloway,yavila@flores.com,+1-798-201-8113x75994,Watsonview,Iowa,Puerto Rico,51,2023-04-06
560,Stacy Smith,adam71@hotmail.com,001-160-094-4447x734,Tranfurt,Georgia,Mauritius,40,2025-07-08
561,Austin Morgan,brownjesse@yahoo.com,+1-327-871-0953x5174,West Lisa,Connecticut,Hungary,55,2022-05-22
562,Adrian Carlson,erin59@yahoo.com,001-671-513-2770x568,Port Brendaberg,Ohio,Norway,24,2025-12-22
563,Yvonne Ortega,zmclaughlin@griffin-roth.net,001-731-080-4392x69507,Lake Angela,Florida,Liberia,37,2025-07-25
564,Melissa Day,schmidtjeff@gmail.com,681.735.7634x5226,North Mark,Arkansas,Gambia,22,2025-04-17
565,Rachel Schneider,christina77@allen.org,777-551-8413,Dudleyton,Connecticut,United Kingdom,69,2025-06-14
566,David Conway,jonathan50@woods.biz,111-013-5940,West Savannah,Arizona,Burundi,60,2022-12-16
567,John Wright,jlivingston@hotmail.com,716.920.1962x3554,East Benjamin,Louisiana,Djibouti,61,2024-11-30
568,Virginia Williamson,riddlesuzanne@hotmail.com,(145)458-7020x512,Port Michaelland,Illinois,Luxembourg,56,2024-11-01
569,Michael Bates,oneillmatthew@yahoo.com,001-428-060-4174x875,South Stephanieland,Arkansas,British Virgin Islands,40,2023-01-21
570,Debra Evans,uthompson@martinez-martin.com,(682)047-1487,Torreston,Illinois,Denmark,70,2025-11-25
571,Tanya Hall,perezlarry@allen.info,605-781-3937,Lake Dean,Kentucky,Bulgaria,38,2022-05-21
572,Mr. Michael Hernandez,molinasandra@gmail.com,(551)040-9720,Port Michelle,New York,United Kingdom,38,2025-12-29
573,Lisa Blanchard,tyler85@hotmail.com,276-984-9135,Jeromeport,Massachusetts,Armenia,29,2024-06-17
574,Johnny Flores,dustin07@hotmail.com,780.048.3006,Johnshire,Nevada,Mozambique,70,2024-01-24
575,Lindsey Rowe,jessicacopeland@gmail.com,668.123.0961x38822,Turnerbury,Wyoming,South Georgia and the South Sandwich Islands,40,2025-06-30
576,Danielle Velez,lisa78@gmail.com,2555972020,New Brent,California,Bahamas,36,2025-02-07
577,Mark Young,millerandrea@hotmail.com,853-729-6908x91835,Hawkinsview,Arkansas,Guam,21,2024-10-30
578,Carol Bennett,alexclements@crawford-johnson.net,163.759.7855x9815,Kevinmouth,Michigan,Macedonia,66,2024-02-03
579,Adam Best,tyler55@wall-flowers.biz,149-896-6539,Caitlinfort,Hawaii,El Salvador,51,2024-12-30
580,Eric Simpson,kelly16@yahoo.com,+1-041-757-9212,South Thomasburgh,South Carolina,Iran,46,2022-08-01
581,Ronald Mcclain,kim97@harrison-hines.biz,001-034-222-8915x5532,Deniseville,New Jersey,Guinea,41,2025-12-24
582,Chad Huang,ulove@yahoo.com,499.596.4201,East Christopherton,Pennsylvania,Israel,20,2024-07-18
583,Lorraine Sutton,charlotte24@lyons-harris.com,001-996-701-1826x843,Bryanshire,New Hampshire,Thailand,56,2023-05-21
584,Hayden Glenn,fcabrera@yahoo.com,001-920-161-0022x612,Josephville,Missouri,British Indian Ocean Territory (Chagos Archipelago),52,2021-10-18
585,Courtney Day,krystal98@vega-long.org,+1-712-894-8327,Lake Carlfurt,Ohio,Suriname,49,2021-11-23
586,Maria Kirby,williamspeter@mcgee.com,+1-408-199-5913x88971,East Bethanyville,Rhode Island,Reunion,25,2025-05-08
587,Jade Morgan,erinmarshall@yahoo.com,596.288.1840,Alvaradoburgh,Texas,Liberia,56,2026-04-15
588,Timothy Woodard,paulawilliams@hotmail.com,077.066.9049,Rhodesview,Kansas,Croatia,23,2024-01-08
589,Megan Phillips,murphytanya@montgomery-hogan.com,+1-907-257-3107x421,Holdenville,New Mexico,Marshall Islands,25,2025-09-12
590,Mitchell Gomez,kristenbutler@thomas.com,523.009.9266x63534,New Brittanyville,Alaska,Ecuador,38,2024-01-08
591,Evelyn Waters,traci40@rodriguez-brown.com,001-954-945-9509,New Aaronview,Texas,Cayman Islands,61,2024-12-18
592,Natalie Knapp,rodriguezdawn@decker.info,287-812-0652x52018,West Michael,New Jersey,Algeria,69,2023-09-18
593,Christopher Franklin,pbenson@washington.com,001-905-596-6566x27854,Johnfort,Rhode Island,Cambodia,30,2023-06-16
594,Michael Hernandez,johnsonamy@lyons.com,001-316-679-3636x10997,Juarezshire,Alabama,Mongolia,52,2022-01-07
595,Andrew Miller,llozano@yahoo.com,938-484-7516x94482,Port Danielleshire,New Hampshire,Sierra Leone,40,2025-04-06
596,Erika Wilson,alison46@yahoo.com,113.699.8124,Christianfort,Nebraska,Wallis and Futuna,68,2025-04-14
597,Rachel Cameron,robinlopez@martin.com,001-232-901-7609,Ryanview,Colorado,Nicaragua,47,2021-11-07
598,Evelyn Booth,kleingabrielle@gmail.com,001-110-310-0274,Thomasshire,New Jersey,Panama,36,2021-06-23
599,Melissa Mayo,robingray@foster.com,246.979.3459,Elizabethview,New Hampshire,Luxembourg,47,2022-05-25
600,Jesus Shannon,scottjacobs@hotmail.com,877-809-3102,West Audrey,Michigan,Kazakhstan,39,2021-11-27
601,Sarah Rubio,nancy94@hotmail.com,8985716794,East Rachelland,Mississippi,Maldives,48,2022-02-16
602,Tracy Short,jacob89@erickson-calhoun.com,0095450142,Lake Tyler,New York,Djibouti,57,2025-07-28
603,Daniel Fitzgerald,mjohnson@rangel.biz,(549)016-2799,Davidstad,Alaska,Vietnam,42,2026-01-20
604,Mark Parsons,hogankaitlin@hotmail.com,+1-472-874-9710x12487,Cortezview,Kansas,France,21,2022-01-15
605,Brendan Lane,shawnlyons@beasley.org,(889)855-6781,South Margaret,Utah,Andorra,69,2026-02-18
606,Paul Williams,mary39@bishop.biz,(554)375-7065x1940,North Ashley,Maine,Kiribati,62,2025-05-26
607,Randall Buck,vasquezshelby@yahoo.com,129-903-9433,East Rodneyberg,Minnesota,Iceland,66,2022-06-20
608,Stephen Frazier,rhondajames@hotmail.com,001-531-148-9777x52515,South Emilystad,Arizona,Slovenia,58,2023-06-25
609,Joseph Morrow,mccarthyjeffrey@gmail.com,383.550.5260,West Tiffanytown,Missouri,Lao People's Democratic Republic,44,2024-07-27
610,Matthew Gordon,xrussell@goodman-griffin.net,(686)804-9088,Courtneyton,Missouri,Finland,70,2025-12-08
611,Kylie Thomas,khill@gmail.com,973.969.6898x083,Andreashire,North Dakota,Brunei Darussalam,20,2021-12-03
612,Stephanie Ward,orrshaun@deleon.com,6731029301,Joshuamouth,Georgia,Barbados,55,2021-08-05
613,Stephanie Carroll,morrisondawn@larson.org,364.033.2953x80571,Port Gerald,Montana,Isle of Man,33,2023-05-30
614,Jennifer Henson,patricia57@mendoza-reed.info,1054506318,Lauraberg,Kentucky,Papua New Guinea,32,2021-08-27
615,William Bell,nicholas34@hotmail.com,+1-489-420-8859x75591,South Christopher,New York,Guinea-Bissau,37,2021-11-25
616,Michelle Bonilla,bburch@daniels.info,(529)003-2609x43252,Lake Howardfurt,South Dakota,Jamaica,53,2023-07-11
617,Willie Schwartz,christopherscott@gmail.com,001-923-596-3181x7699,Port Jacobstad,South Dakota,Denmark,52,2024-06-04
618,Raymond Rose,angelamiles@collins.org,(597)218-0871,Lake Krystalberg,Nebraska,Croatia,50,2023-08-25
619,Aaron Reeves,tommyhatfield@yahoo.com,7203378968,Vasquezfort,Nebraska,Eritrea,40,2022-02-12
620,Jeremy Bright,karamorton@hotmail.com,466-168-0343x0372,Robertborough,Florida,Ethiopia,21,2021-09-21
621,Julie Luna,owilliams@yahoo.com,854-240-4000x0811,North Alexis,Pennsylvania,Costa Rica,61,2025-03-28
622,Paula Gordon,paigecurtis@harris.com,753-757-3797,New Briannafort,Vermont,Guyana,46,2021-11-02
623,Willie Mendez,katienorton@acevedo.com,660.336.7682,Farmerstad,Alaska,Somalia,27,2023-02-10
624,Michael Esparza,hannahgreer@yahoo.com,(967)261-1718x44293,Murphyville,Indiana,Marshall Islands,32,2024-12-23
625,Peter Parker,sholt@garcia-bowman.com,+1-650-634-7616x609,Bakershire,Montana,Japan,68,2022-01-15
626,Clayton Miles,kimberly29@gmail.com,+1-664-297-4535x20838,New Ashleyhaven,Rhode Island,Tajikistan,60,2025-09-29
627,Alison Jennings,pamela51@wood.com,8717288594,Youngton,Colorado,Portugal,64,2022-01-17
628,Terri Garrett,amandawalker@moreno-hampton.info,(223)356-8824x65180,Haynesport,Alaska,Saint Helena,63,2021-05-29
629,Frank Jennings,paula29@gmail.com,001-148-310-0395x76760,Juanhaven,Illinois,United States Minor Outlying Islands,31,2022-03-16
630,Ashley Kramer,mwaller@gmail.com,217.901.7843x261,West Diana,Arizona,South Africa,19,2025-10-21
631,Stephen Conner,oboyer@snow.com,152.440.3025x416,Coleborough,Michigan,Qatar,29,2025-04-21
632,Jennifer Smith,dawnlevine@hotmail.com,414-305-6764x7536,Meyermouth,Wisconsin,Mexico,48,2021-12-10
633,Nicholas Mcintosh,javery@yahoo.com,+1-677-265-4432x655,Jeremyborough,Rhode Island,Senegal,30,2022-10-04
634,Heather Wilson,robin91@lopez.com,001-338-187-4120,Lake David,Michigan,Australia,50,2025-02-21
635,David Garcia,frank73@norris.com,+1-126-620-7673x0165,West Thomastown,Pennsylvania,Czech Republic,20,2022-11-07
636,Sabrina Walker,brittney90@schmidt-holmes.com,+1-071-217-9848x1617,East Carrie,Montana,Kuwait,40,2025-05-26
637,Thomas King,rbryant@little-ayers.net,001-446-329-0214x0771,Jamiemouth,Maryland,Tanzania,67,2022-06-22
638,Kaitlyn Weber,echavez@powell-shelton.com,001-884-560-6552x61365,Reginaside,Connecticut,United States Virgin Islands,55,2024-08-15
639,James Olson,melissa09@gmail.com,445.271.4063,Lake Matthew,Illinois,Saint Vincent and the Grenadines,32,2023-09-09
640,Abigail Berger,williamsfrank@khan.com,050-522-6196x41541,Port Chelseafurt,Hawaii,Saint Pierre and Miquelon,29,2023-12-12
641,Michael Lambert,janetmoore@hotmail.com,7236361390,Brownview,Hawaii,Belarus,33,2022-04-28
642,Craig Olsen,ryanrobbins@morales.com,133.702.2275x8198,Deanhaven,South Dakota,Guatemala,49,2025-08-29
643,Charlene Jones,porterrachel@yahoo.com,(835)954-9406x915,North Valerie,Pennsylvania,Ukraine,37,2025-01-20
644,William Mcknight,johnterry@yahoo.com,702-269-2381x5165,New William,Louisiana,Libyan Arab Jamahiriya,18,2024-07-30
645,Mrs. Kayla Rose,iduffy@hotmail.com,001-385-051-9870x5683,West Carol,South Dakota,Vietnam,23,2021-08-17
646,Meagan Perez,leonardbutler@gmail.com,792-175-8785x02472,Delgadohaven,Georgia,Liberia,18,2025-02-28
647,Julie Anderson,hstout@barnes.net,6343306665,Melodyview,Idaho,Congo,69,2022-05-16
648,Kristina Jones,sarah94@patterson.info,001-755-821-7147x600,Margaretborough,Nevada,Portugal,36,2023-07-03
649,Brian Price,qrich@steele-figueroa.biz,001-386-985-9557x024,Port Alicia,California,Serbia,66,2026-01-11
650,Alicia Harris,pwaters@yahoo.com,(195)714-8955,Sanchezhaven,Wisconsin,Iraq,22,2025-08-30
651,Alisha Baker,jsmith@spears.info,+1-796-043-3596x48529,East Jameshaven,Texas,Mozambique,55,2023-07-09
652,Kevin Avery,torresamanda@rhodes-williams.net,(764)698-1929x2317,South Craig,North Carolina,Lithuania,41,2022-02-27
653,William Mills,bowen@gmail.com,(374)788-0205x049,West Jennifer,Connecticut,Haiti,30,2025-03-18
654,Ryan Smith,floydwendy@yahoo.com,(436)291-7227,Sheltonview,Idaho,Antarctica (the territory South of 60 deg S),21,2025-04-24
655,Jonathan Chapman,martinlucas@williams.net,657.514.9500x4205,West David,Wisconsin,Somalia,34,2026-03-16
656,Debra Smith,robinsonrachel@montes-cline.info,(746)881-1094,Nathanielberg,Oklahoma,India,66,2024-10-13
657,Drew Brennan,palmerraymond@greer.org,7899589621,Hubbardshire,Oregon,British Indian Ocean Territory (Chagos Archipelago),68,2023-10-08
658,Debra Schmidt,williamsmelinda@harrison.com,+1-377-329-2162,Port Seth,Iowa,Botswana,49,2022-01-13
659,Thomas Adams,donnaclements@yahoo.com,704.533.5707,Toddville,New Hampshire,Australia,68,2022-04-30
660,William Gonzalez,david76@hotmail.com,+1-922-888-8864,East Elizabeth,Wyoming,Tuvalu,70,2024-10-25
661,David Walker,carloshale@yahoo.com,836-725-8729,Kimberlyshire,Maryland,Bahrain,67,2021-09-10
662,Isaiah Bennett,mitchelladam@gmail.com,940-858-4391,North Cynthia,Louisiana,Micronesia,42,2022-12-17
663,Andrew Miller,lauren14@lane-peterson.biz,(299)197-3452x7363,Lake James,South Dakota,Costa Rica,67,2025-07-06
664,Todd Bryan,fsims@yahoo.com,(330)890-3998,Katherinemouth,Idaho,Myanmar,43,2026-04-18
665,Mr. Ryan Nguyen,nvaldez@mills.com,048-248-8966x06949,Alexandrahaven,Kansas,Rwanda,18,2025-12-26
666,Donald Poole,carterstephen@gmail.com,814-333-7377x1096,Woodardland,Montana,Malta,39,2024-07-19
667,Mr. Aaron Kennedy,kcastillo@taylor.com,8625385778,West Charles,Wisconsin,Japan,31,2025-12-05
668,Melissa Harris,umiller@king.info,(142)872-9675,South Steven,Florida,Kenya,40,2024-01-19
669,Karen Reed,rita01@hotmail.com,7264609954,Lake Robertville,Washington,Taiwan,31,2024-07-23
670,Jessica Mendoza,heidi14@whitney.com,927.840.6891x787,Port Leahburgh,New Mexico,Pitcairn Islands,68,2025-06-11
671,Sean Rogers,benjamin80@martinez.com,(155)394-4403x8944,Josephland,Texas,Oman,34,2022-12-26
672,Mindy Little,ritterrachael@gmail.com,+1-547-859-9166x6750,Shariport,Maryland,Djibouti,26,2026-01-25
673,John Miranda,julierobinson@bush.org,(208)046-0202,Melissaville,West Virginia,Tokelau,45,2022-04-10
674,Michael Briggs,xmartin@lozano.com,+1-142-749-5055x27695,East Erin,Indiana,Nepal,52,2024-09-26
675,Jessica Jones,mary36@hotmail.com,001-667-185-1374x67362,Port Michael,Nevada,Malaysia,50,2022-08-04
676,Jordan Horton,bbeasley@hotmail.com,0194669979,North Sharontown,Washington,Cameroon,55,2023-05-20
677,Tiffany Reed,ashley71@gmail.com,+1-250-831-5353,Stewartside,North Dakota,San Marino,70,2022-01-12
678,Gregory Stokes,vcarlson@taylor.info,143-928-8797x97332,Hickstown,Louisiana,Guinea-Bissau,41,2022-01-23
679,Mark Duncan,leegraves@robinson.com,(919)724-2782x26149,North Mary,Arizona,Iceland,50,2025-06-20
680,Heather Williams,banksmichael@camacho.com,001-931-791-5080,South Gabrielle,Ohio,Switzerland,32,2026-03-04
681,Jennifer Rich,cheryl36@yahoo.com,(107)167-0770,West Yolandaburgh,Missouri,Macedonia,23,2026-01-26
682,Matthew Dunlap,xhill@bullock.com,847-491-3423x95244,West Nathanburgh,New Jersey,Iceland,67,2025-02-24
683,Andrew Phillips,morgancrystal@hotmail.com,001-615-110-1107,Harriston,Kentucky,Cape Verde,24,2024-07-09
684,Tamara Bradley,fmeyers@yahoo.com,(834)237-7104x25925,Robertsberg,West Virginia,Maldives,38,2022-08-20
685,James Jordan,leslie88@yahoo.com,+1-875-164-6941,Port Adam,Indiana,China,38,2023-10-28
686,Angelica Edwards,marshallmarie@gmail.com,225.525.7600,Ashleyhaven,Texas,Argentina,64,2022-11-16
687,Veronica Bruce,erinphillips@gmail.com,001-151-628-0885x980,Jeffreyville,Wyoming,Reunion,54,2023-05-07
688,Aaron Lara,michael13@lee-jackson.com,296-079-9300x639,Victoriachester,North Carolina,Wallis and Futuna,39,2021-09-07
689,Eric Nash,katie08@garcia-brown.biz,910.198.0158x0825,West Bethchester,Alabama,South Georgia and the South Sandwich Islands,67,2024-07-28
690,Samantha Thompson,pearsonapril@gmail.com,001-687-092-5850x0919,West Richard,Oklahoma,Bahrain,37,2023-10-13
691,James Kaufman,kayla54@gmail.com,+1-160-716-1947x10964,Carpentershire,Kansas,Jordan,27,2024-03-07
692,Ryan Warner,steven20@thompson.com,001-209-705-1109x2662,Toddburgh,Maine,Gambia,32,2021-08-31
693,David Williams,wesleyrobinson@hotmail.com,628.177.2528,Bethborough,Kentucky,China,61,2025-09-27
694,Lindsay Scott,megan66@yahoo.com,(327)235-0928,Port Jessicaland,Maryland,Hungary,28,2021-10-15
695,Anthony Hughes II,poncealice@hotmail.com,001-494-201-0075x2702,Natalieport,Illinois,Morocco,59,2025-12-20
696,Kimberly Dunlap PhD,fpierce@shaw.com,001-785-498-6846,West Margaret,New Mexico,Liberia,66,2022-04-25
697,Angela Reeves,christina42@hotmail.com,993-139-5420x180,Garciahaven,Hawaii,Slovenia,58,2022-04-19
698,Cheryl Gordon,websterandrea@yahoo.com,+1-225-886-9608,Port Natalieberg,New Hampshire,Uganda,50,2023-05-05
699,Timothy Jenkins,rodriguezlarry@bailey.com,(346)905-9092,New Timothyborough,Nevada,Turkey,40,2024-02-28
700,Warren Bates,cisneroskathryn@hotmail.com,+1-775-592-9783x15929,Smithville,Tennessee,Anguilla,42,2022-06-14
701,Stacy Brooks,sosaandrew@graves.com,767.141.1076x2758,Austinview,North Dakota,Wallis and Futuna,54,2023-06-02
702,Bryan Clarke,oallen@gmail.com,053.666.1084x471,Martinezland,California,Aruba,25,2021-11-26
703,Brent Frye,jeffreyjohnson@hotmail.com,+1-632-553-6031x12527,Rachelshire,Virginia,Jersey,65,2024-03-09
704,Nina Wolf,carlos08@yahoo.com,5865944119,Port Brianland,Maryland,Somalia,64,2025-10-24
705,Kayla Cox,kennethjones@stuart.com,+1-894-731-9563x0970,Evansburgh,Massachusetts,Malawi,18,2025-02-24
706,Christopher Keith,ortegatyler@hotmail.com,+1-443-944-1590x70735,Lake Lauramouth,Missouri,Tanzania,32,2023-07-07
707,Maria Rollins,jo93@gmail.com,+1-918-506-5150x963,New Devin,Colorado,Cote d'Ivoire,67,2022-08-13
708,Paul House,brandon60@martin-carr.com,001-218-861-3825x61827,Robertland,Arizona,Saint Lucia,25,2023-05-02
709,Dawn Davis,michael59@hood.net,(676)327-1882x407,South Stephenland,California,Venezuela,65,2023-01-14
710,Norma Richards,cainlisa@jones.com,+1-903-129-0689x7444,North Robertborough,Idaho,Japan,65,2022-03-17
711,Katelyn Burke,timothy87@hotmail.com,901-071-7972x894,New Loriside,Virginia,Singapore,69,2022-11-27
712,Brooke Jackson,shawjames@yahoo.com,(733)184-7640x660,New Lisa,Vermont,Morocco,45,2026-04-13
713,Sara Horton,claytonking@yahoo.com,947.788.0312x1097,West Alexander,Alaska,Albania,23,2023-07-09
714,David Collins,fcastillo@gmail.com,(016)579-1477x830,Lake Karenberg,Florida,Congo,63,2022-12-13
715,Angel Sanchez,richardvaughn@weaver.com,(571)342-0001,West Travistown,Oklahoma,Armenia,38,2022-05-17
716,Dr. David Hamilton,knunez@krause.com,148-141-2836x08176,Powellville,Colorado,Tunisia,29,2024-02-12
717,Amy Smith,fullerrobert@ayala.com,378.870.8837,Nortonside,Massachusetts,Albania,44,2022-11-05
718,Connie Gentry DDS,mitchell74@gmail.com,399.933.9242x387,East Kimberlyhaven,West Virginia,Germany,20,2022-09-10
719,Deborah Rojas,romerotimothy@holloway.org,624-331-6000x889,West Matthew,Nebraska,Italy,33,2024-11-18
720,Deborah Copeland,hboyer@hotmail.com,+1-833-380-6035x4702,New Shaunborough,Alaska,Serbia,34,2024-08-08
721,Tina Gibson,elynch@gmail.com,+1-623-756-5793,Myershaven,Nebraska,Syrian Arab Republic,22,2024-04-05
722,Robert Gibson,xmurray@hotmail.com,5509266370,New Donald,Minnesota,Colombia,57,2024-12-22
723,Denise Burch,john05@foster-davis.com,(240)758-9775,West Andrew,Kentucky,Lesotho,68,2025-12-15
724,Tanner Ross,fosterdennis@phillips-white.com,+1-143-541-1929x8194,Ashleyhaven,Iowa,Guinea-Bissau,46,2023-07-16
725,Deanna Collins,xalvarez@jackson.com,585-213-0533x75207,New Brady,Iowa,Cote d'Ivoire,55,2021-10-27
726,Anthony Buchanan,robert43@mcclain.com,(755)678-9664x023,Joshuafurt,Minnesota,Comoros,25,2023-02-20
727,Diana Gates,dennis59@mcdonald.org,074.055.0796,North Franciscofort,Oklahoma,Eritrea,47,2024-09-02
728,Melissa Richards,catherine80@crane.org,(737)527-8441x2821,West Joeland,Nevada,Iraq,45,2021-10-29
729,Nicholas Stout,amandajacobs@yahoo.com,509-282-0109x4639,West Nicholasberg,Hawaii,Antigua and Barbuda,61,2021-07-24
730,Jennifer Pope,robertsonedwin@gmail.com,567-608-5698x1567,Raymondview,Colorado,Guyana,50,2025-08-22
731,Tracy Carlson,johnjohnson@waters.com,806-537-6171x295,Hartfort,Arizona,Costa Rica,43,2024-05-20
732,Erin Perez,susan95@gmail.com,6094350311,Atkinsonport,Connecticut,Afghanistan,23,2026-05-09
733,Erika Parker,jrice@gmail.com,(309)643-5347x7018,West Richardbury,Wisconsin,Palau,42,2023-06-21
734,Tina Powell,amanda23@roth.biz,+1-229-712-3960x45176,Harrisview,Oklahoma,Hong Kong,46,2026-01-31
735,Cassandra Sexton,rachelraymond@smith.com,250-985-1264x03580,East Codybury,Massachusetts,Burkina Faso,20,2023-08-06
736,Bryan Griffith,zpope@munoz.biz,001-020-026-4799x295,Marshville,Mississippi,Macao,27,2022-06-13
737,Bryan Moore,tina82@craig-nguyen.net,5558960182,Boothmouth,Rhode Island,Malaysia,54,2025-01-15
738,Mary Meyer,henryle@evans.biz,+1-571-064-3131x266,South Vicki,Washington,Equatorial Guinea,38,2024-08-22
739,Richard Benton,alee@weeks.com,001-091-401-8768x982,Deanmouth,Florida,Kiribati,68,2025-08-06
740,Patricia Rivera,kristin11@hotmail.com,905.233.0981x5639,Michellehaven,Pennsylvania,Jamaica,43,2022-04-16
741,Danielle Galvan,copelanderika@hotmail.com,001-146-318-7054x5359,Vanessafort,North Dakota,Poland,55,2021-12-14
742,Scott Castro,charlesfrazier@gmail.com,+1-626-025-7561x84087,Port Michaeltown,New York,Pakistan,22,2024-06-09
743,Mercedes Mitchell,schmidtjacob@gmail.com,001-560-940-6411x352,West Rachelberg,New Jersey,Hungary,26,2023-02-03
744,Stephen Jennings,bgarcia@yahoo.com,(332)074-1721,Port Heatherstad,Missouri,Saudi Arabia,54,2024-11-12
745,Michelle Salazar,foneill@hotmail.com,+1-450-884-7188x59411,New Donaldview,New Jersey,Oman,36,2025-05-28
746,Deborah Beard,wintersrachel@king.org,(094)686-4208,North Kristinahaven,Vermont,Sierra Leone,56,2026-05-23
747,Carlos Nielsen,christinejohnson@ashley.com,5437747433,Callahanshire,Arkansas,Chad,31,2026-03-06
748,Marilyn Simon,bauerjason@yahoo.com,672-474-8861x3160,North Justin,New Mexico,Aruba,20,2023-07-05
749,Natasha Olsen,angela29@gmail.com,211-525-9260,Port Brittneyside,Nevada,Western Sahara,25,2025-05-23
750,Heather Rodriguez,romanphilip@ruiz.com,+1-839-949-7665x0056,Danielmouth,Mississippi,Cayman Islands,30,2025-02-21
751,Tammie Morrison,camachomario@hotmail.com,(463)142-2455,East James,Arizona,Philippines,60,2023-04-09
752,Maria Brooks,victoria53@yahoo.com,001-547-378-0534,Brandonhaven,Wyoming,Philippines,31,2025-03-14
753,Melissa Garcia,jacob74@carter.com,+1-577-222-8424,North Teresa,Washington,Finland,46,2021-11-25
754,Dennis Lopez,james23@yahoo.com,7557227807,Michaelberg,Delaware,Saudi Arabia,39,2024-02-27
755,James Hess,deborahjenkins@miller-michael.com,+1-112-726-1451,Robertton,Texas,Bangladesh,27,2022-02-08
756,Teresa Wilson,dana30@yahoo.com,(612)858-2252,South Jeanette,Connecticut,Poland,32,2025-04-27
757,David Moreno,wramirez@bennett.com,493.171.6323,Kevinfort,Pennsylvania,Comoros,46,2022-10-22
758,David Sims,bradleynatalie@hotmail.com,176-096-2801x000,East Saraton,New Mexico,Cape Verde,60,2022-12-03
759,Adam Good,robin31@yahoo.com,001-510-967-9855x890,New Anthony,Hawaii,Mauritania,39,2023-12-26
760,David Robinson,lwebb@hotmail.com,801.507.5038x0404,Harriston,Alaska,Syrian Arab Republic,49,2021-07-02
761,Sandra Henderson,greenejohn@hughes.org,968.167.4202,West Stevenborough,Missouri,Gabon,33,2024-02-02
762,Ashley Morales,michellejones@yahoo.com,958-304-6271,Freemanshire,New York,British Indian Ocean Territory (Chagos Archipelago),51,2025-10-29
763,Ashley Patel,millerrichard@gmail.com,509-682-6332,Dannyland,South Carolina,Ireland,47,2024-12-11
764,William Graham,phillipsangela@gmail.com,001-736-069-1689x488,New Aaronshire,Louisiana,Georgia,29,2022-07-23
765,Brian Owens,fchavez@gmail.com,1373390392,South Samantha,Nevada,Zambia,23,2021-07-01
766,Paula Lopez DDS,jordanjohn@hotmail.com,048-669-8711x6775,Odonnellfurt,Wisconsin,Uganda,52,2026-01-28
767,Terry Wood,hstewart@hotmail.com,(204)371-1591,East Sabrinamouth,Indiana,Switzerland,41,2025-09-06
768,Justin Simmons,jose57@gmail.com,001-831-230-9478x7693,Carterburgh,Iowa,Chad,69,2024-01-02
769,Ryan Mclaughlin,pclark@hotmail.com,001-773-569-5230x6702,East Daniel,Hawaii,Somalia,36,2023-09-29
770,Jeremy Reynolds,ryan81@tate.com,155.064.0717x795,Lorihaven,Wyoming,Haiti,51,2021-07-11
771,Anthony Morris,sarah93@yahoo.com,+1-117-424-7242x940,Port Robertchester,Montana,Guinea-Bissau,43,2025-10-06
772,Colleen Torres,mikaylawhite@yahoo.com,(398)290-2811x319,New Aprilside,Massachusetts,Saint Helena,66,2021-08-12
773,Jamie Terry,eduardo83@yahoo.com,(633)774-1321,Paulchester,Louisiana,San Marino,20,2021-08-20
774,Mr. Larry Wade,patrick52@garner.net,001-411-857-8500,South Brian,Ohio,Myanmar,69,2024-08-28
775,Chelsea Kelley DVM,vickiebryan@logan.com,001-743-966-9942x40549,East Jennifer,Illinois,Dominica,49,2025-06-24
776,William Chaney,dana64@medina.com,001-186-404-4410x5443,East Michelle,New Mexico,Venezuela,22,2025-05-19
777,Sabrina Merritt,smurray@lewis-mays.com,808-630-5030,Bryanside,Nebraska,Paraguay,23,2022-09-16
778,Brian Chapman,salasann@shelton.com,358-763-2259x1466,Lake Arthurmouth,Nebraska,Palestinian Territory,35,2024-05-26
779,Joshua Giles MD,rcharles@mason.org,001-105-596-0995x46792,Mcguirechester,Michigan,Lesotho,70,2025-07-11
780,Stephanie Nichols,johnsonjason@lee.com,(600)998-1488,West Todd,Kentucky,American Samoa,26,2022-01-12
781,Mary Pope,dfuentes@robbins.com,551-484-1650,Port Connor,Louisiana,San Marino,50,2021-12-01
782,Nathan Rivers,nicolecisneros@hotmail.com,040.964.9946x6927,South Daniel,Virginia,Turkmenistan,34,2023-08-21
783,Kimberly Fernandez,laura44@gmail.com,001-072-416-8727x28744,Jessicabury,Nevada,Ireland,52,2025-07-29
784,Mr. Michael Vega,william25@gmail.com,515.962.3256x69796,Scotttown,Maryland,Japan,46,2023-08-16
785,Claire Evans,georgewilliams@yahoo.com,4756889446,West Dawn,Missouri,South Africa,51,2024-10-16
786,Stephanie Williams,turnerana@yahoo.com,135.656.4729x0124,Sancheztown,Iowa,Oman,55,2024-07-15
787,George Lewis,paynescott@hotmail.com,001-651-648-4259x7628,West Davidborough,Georgia,Belarus,18,2024-08-20
788,Devin Jones,adamstewart@gmail.com,150-116-2865,North Rebeccastad,New Mexico,Jamaica,64,2024-10-31
789,Shane Mata,acunningham@garcia-jones.com,856.623.1294x162,Port Josephmouth,West Virginia,British Virgin Islands,49,2026-01-31
790,Devin Benton,stacythomas@munoz.com,265-069-9371x0151,Mosestown,Indiana,Lesotho,31,2021-06-27
791,Jessica Watkins,jmarquez@gmail.com,336.959.7882x0970,Hintonbury,Missouri,Finland,26,2022-07-02
792,Valerie Davis,christopher51@hotmail.com,+1-602-893-9216x216,North Angela,Minnesota,Turkmenistan,66,2023-11-28
793,Mary Warner,jennifer24@gmail.com,+1-341-473-9164x018,New Charlene,Louisiana,Tunisia,22,2024-02-21
794,John Wilson,richardprice@gmail.com,001-055-747-7009x9779,Lake Danny,Colorado,Niue,24,2021-08-15
795,Chelsea Mcguire,hunterestrada@gutierrez.net,+1-843-166-6518x2505,Port Ann,New Hampshire,Palau,29,2025-02-15
796,Michael Hill,ymoore@knox.net,001-042-685-0888x622,New Heather,Delaware,Costa Rica,20,2022-01-05
797,Jennifer Sanford,joseph64@hotmail.com,001-387-375-4597,Colemanfurt,Texas,Uzbekistan,60,2023-01-05
798,Daniel Russo,martinpatricia@grimes.net,893-266-1019x852,Martinville,Mississippi,Bolivia,63,2025-11-19
799,Kristin Harrison,mason51@stone.com,5357712440,Mcmahonport,Florida,Hungary,55,2022-04-09
800,Mary Long,deborah80@williams.net,+1-996-925-6293,South Ashley,Oregon,Guyana,46,2025-07-16
801,Brandon Adams,villegasdavid@hotmail.com,799-534-8059x5417,Hamiltonland,Michigan,Togo,31,2025-07-22
802,Amber Johnson,katiemassey@barnes.com,7678585255,New Steven,Oklahoma,Svalbard & Jan Mayen Islands,26,2023-12-10
803,Kevin Keith,rushangela@cooper.com,2866274001,Sandovalmouth,Louisiana,Guinea,47,2022-01-27
804,Carrie Castillo,jeremybuchanan@bryant-holland.com,(786)821-8080,Nealstad,Arizona,Moldova,30,2025-12-10
805,Derrick Brown,anthonypotts@anderson.com,361-155-2970,West Angelica,Michigan,Switzerland,34,2025-01-02
806,Rebecca Allen,johnsonbenjamin@gmail.com,0391989111,Mortonland,Tennessee,Cambodia,56,2024-01-21
807,Sue Alvarez,rebecca46@gmail.com,774.973.3452,West Brenda,Louisiana,Saint Lucia,32,2023-12-02
808,Timothy Henry,bryansilva@ramos.com,939-856-9512x35382,Lake Amandastad,Colorado,Mozambique,40,2025-12-05
809,Christine Larson,xsmith@harris-gallagher.com,001-438-854-7829x21158,West Gloriafurt,Virginia,Bangladesh,52,2025-08-25
810,Diane Baker,caseywoods@barnett.org,653-118-8594,Jennifertown,Rhode Island,Suriname,29,2025-06-17
811,Jody Kelly,dclark@gmail.com,+1-711-665-4848x67142,Mcclainland,Hawaii,Grenada,51,2025-02-23
812,Albert Reed,juliesanchez@williams-wilson.com,041-836-5452x877,Stokeshaven,North Carolina,Afghanistan,24,2022-12-24
813,Robert Ramos,collinsjames@hotmail.com,540.997.6025,Staciemouth,Maryland,Chile,43,2024-08-13
814,Maria West,frederick34@yahoo.com,513-795-4155,North Johnland,North Carolina,United Kingdom,53,2025-05-11
815,Nicholas Mccoy,edward01@gmail.com,6395523198,Matthewberg,West Virginia,Gambia,52,2025-11-09
816,Jeffrey Oconnor,timothyhiggins@gmail.com,001-100-446-2898,Nathanton,Arizona,Jersey,51,2021-10-18
817,Laurie Cooley,philipdaniel@peck-anderson.com,395.894.2742x755,Hopkinsstad,Michigan,New Caledonia,26,2024-05-03
818,John Bailey,curtis08@nguyen-gordon.com,928-125-5123,Dillonview,Delaware,Mexico,61,2022-04-13
819,Alyssa Wright,daviskyle@campbell.com,+1-812-785-6215x01077,Nicoleview,Hawaii,Seychelles,68,2026-01-13
820,Julia Baldwin,lopezdennis@mcclain-jenkins.com,165-582-1144x30000,Murphyton,Rhode Island,Jamaica,53,2025-07-01
821,Crystal Mcconnell,amber83@contreras-kelly.org,001-583-749-8790,Port Kari,Rhode Island,Philippines,23,2023-11-15
822,Michelle Grimes,pmatthews@bernard.com,837.828.0827,Torresmouth,Virginia,Turks and Caicos Islands,62,2022-10-07
823,James Dalton,slittle@randall-graves.info,(013)141-4464x2927,Whiteberg,Missouri,Chad,19,2025-04-22
824,Anthony Lewis,lvaughn@hotmail.com,+1-373-140-0988,Michelleland,Florida,Samoa,20,2022-04-20
825,Daniel Monroe,april14@gmail.com,(459)915-7930,Jamiechester,Delaware,Ecuador,22,2024-05-02
826,Kenneth Snyder,rosemcdaniel@lawrence-sweeney.net,(101)567-5475x2119,West Kellie,Kansas,Saint Barthelemy,41,2024-10-10
827,Brian Smith,michaelmiller@yahoo.com,736.337.7177,Cassandrachester,Missouri,Japan,39,2024-03-03
828,Shannon Simon,adam83@hotmail.com,082-248-6340,New Christopher,Mississippi,Paraguay,40,2021-08-23
829,Adam Garcia,jacksonjohn@robinson.com,009-657-9376x377,Laurashire,Tennessee,Isle of Man,58,2023-12-14
830,Debbie Simmons,huntercatherine@orozco.com,970.014.3282,West Johnathan,Colorado,Monaco,63,2023-11-13
831,Samuel Ponce,keymarcus@wade-moon.com,828.704.1484,New Nathanton,Tennessee,Haiti,44,2021-07-14
832,Elizabeth Taylor,kimberlyarnold@gmail.com,(581)362-7167,Jameshaven,Florida,Sudan,56,2021-12-28
833,Catherine Bates,hannah22@hotmail.com,102-768-7322,East Elizabethland,Tennessee,Armenia,40,2023-02-07
834,Patricia Scott,mariafranco@hogan.biz,+1-909-331-1416x565,New Terry,Montana,Indonesia,31,2025-05-25
835,Matthew Aguilar,cynthiasanchez@gmail.com,157-597-3339x00540,North Georgeton,Pennsylvania,Norway,70,2025-08-07
836,Gregory Howell,garciacarol@yahoo.com,(885)331-5076,Josephside,Hawaii,Cameroon,58,2025-06-05
837,Benjamin Navarro,xpaul@smith.com,689.945.2555x821,New Brianview,Tennessee,Albania,40,2023-05-22
838,Lori Dudley,rwilliams@gmail.com,+1-839-080-0273x2120,New Annette,Arizona,Cote d'Ivoire,65,2023-10-05
839,Christopher Diaz,yleach@hotmail.com,496-259-8849x58683,New Sharon,Alaska,Papua New Guinea,34,2025-11-22
840,Melissa Carrillo,elizabeth10@hotmail.com,001-889-809-0598,South Jennifer,Oklahoma,Egypt,59,2022-12-29
841,Tyler Hughes,paul63@yahoo.com,806-737-4224x84967,Charlesbury,Kansas,French Polynesia,30,2024-06-11
842,Andres Shaw,michael41@cook.com,+1-675-772-7355x7950,South Michael,Ohio,Gibraltar,49,2022-01-28
843,Carlos Rodriguez DDS,carolinefigueroa@adams.org,(707)424-8285x7794,Sharonberg,Pennsylvania,Lesotho,60,2021-11-24
844,Keith Rivera,sandra31@gonzalez.com,+1-516-461-2000x8832,West Marcus,Oklahoma,New Zealand,20,2024-10-15
845,Kiara Gonzalez,laurenwilson@davis.com,239-104-0549,Port Bruce,Delaware,Saudi Arabia,28,2023-07-24
846,Cody Ayala,llowery@hotmail.com,(838)419-1952x2052,Juliafurt,Washington,Guinea-Bissau,31,2022-03-18
847,Matthew Brewer,lindsayleonard@hotmail.com,074-402-0991x4929,Edwardport,California,Guinea,55,2023-06-28
848,Angela Jones,andrew72@yahoo.com,056-130-7786,West Javierfort,Oregon,Central African Republic,34,2021-12-12
849,Jay Nicholson DDS,crystalsutton@hotmail.com,+1-583-459-1820,Peterton,Massachusetts,Anguilla,56,2022-04-30
850,Michael Flores,alexfoster@yahoo.com,+1-063-834-9463x210,Michaelborough,Michigan,Fiji,45,2024-04-20
851,Nichole Orozco,daniel09@gmail.com,854-461-6001x8378,West James,Idaho,Mongolia,44,2021-06-29
852,William Holmes,smithlinda@mathews-morales.biz,818.795.6220x3678,Port Lisaview,Massachusetts,Solomon Islands,32,2026-03-03
853,Elizabeth Ross,fbarnes@gmail.com,702.139.8600,East Jaime,Mississippi,Bhutan,37,2022-12-05
854,Danielle Woodard,fgarrett@hotmail.com,(881)724-9184x58336,West Michelle,Washington,Grenada,44,2025-11-30
855,Elizabeth Schwartz,amberjones@yahoo.com,+1-666-271-2046x684,Shepardberg,Rhode Island,Serbia,61,2025-02-15
856,Benjamin Mccarthy,hollowaycrystal@fleming-nash.info,896-135-7314,East Jeanne,New Jersey,Cape Verde,55,2026-05-23
857,Sabrina Howard,thompsonaaron@yahoo.com,293-434-5223x187,Haneytown,Alabama,Bangladesh,59,2025-11-30
858,Logan Welch,hicksrebecca@espinoza.com,+1-135-538-3957x81097,West Jonathanland,Kentucky,Taiwan,33,2022-04-05
859,Nicole Miller,whiteeric@yahoo.com,1027998378,Hendersonview,Tennessee,Congo,56,2026-02-28
860,Benjamin Dominguez,dmcdonald@best.com,(487)151-5865x6084,Michaelton,Mississippi,Saint Pierre and Miquelon,24,2021-06-11
861,Juan Buchanan,henryhall@martinez.org,716.475.3793,West Sonyaburgh,North Dakota,Pakistan,66,2023-12-17
862,Kyle Williams MD,marc62@gonzalez.biz,318.112.1856,Debbiemouth,Hawaii,Guatemala,39,2022-08-26
863,Timothy Henry,jwalker@hotmail.com,001-234-338-1592x9260,New Oliviaport,Kansas,Turkmenistan,57,2023-12-30
864,Andrew Parker,atkinsonjoshua@gmail.com,(955)538-2242x50441,West Rhonda,Nevada,Aruba,25,2022-08-12
865,John Cannon,ywilliams@smith-bray.com,457-786-0307x577,Fryeton,Texas,Antigua and Barbuda,25,2026-03-13
866,Anthony Fleming,melissa57@gmail.com,+1-680-667-6308,New Charles,Utah,Bahrain,56,2024-08-20
867,Joseph Allen,petersonluis@gmail.com,(999)582-4215x75927,South Saraton,New Hampshire,Chad,24,2022-03-06
868,Eric Roman,michelle79@yoder.org,001-124-337-3286x492,West Yolanda,Hawaii,Cambodia,27,2025-06-20
869,Brian Anderson,pmurphy@gmail.com,(791)682-8930,Lake Rebeccaside,Tennessee,Kenya,38,2023-12-26
870,Garrett Mason,charles97@cook.com,(622)195-4105x7662,North Jacquelineside,Michigan,Bouvet Island (Bouvetoya),70,2024-11-06
871,Oscar Blair,fmason@gmail.com,+1-619-414-0804,New Donnachester,Oklahoma,Guinea-Bissau,63,2022-10-27
872,David Norris,hectorenglish@reyes.com,189.436.5473x826,North Stephanie,New Mexico,Morocco,59,2025-04-23
873,Nicolas Conrad,lisaglenn@yahoo.com,982.661.6537x42722,Griffithmouth,California,El Salvador,58,2022-01-29
874,Melissa Smith,timothyhowell@gmail.com,878-339-9074x18338,South Daniel,Nevada,Timor-Leste,59,2024-11-09
875,Mark Wiley,williamscaitlin@hotmail.com,644.427.2232x842,North Kelly,Ohio,Costa Rica,37,2024-10-05
876,Jerome Hartman,ashley05@woodward.com,(770)197-5882x91424,Russellmouth,Kansas,United States of America,56,2021-10-07
877,Susan Kelly,edward18@hayes.com,+1-899-421-7326,Carrollchester,Idaho,Bouvet Island (Bouvetoya),63,2024-01-26
878,Amanda Hubbard,wendydixon@martinez.com,614.809.5143,Danielborough,Florida,Holy See (Vatican City State),23,2022-03-08
879,Vanessa Gonzalez,meganhayes@duran.net,(072)112-8547x98877,Lake Jamestown,Nevada,Singapore,52,2024-07-22
880,James Morales,samuelbryan@navarro-gallegos.info,001-562-234-9524x69271,Davischester,Minnesota,Cambodia,46,2021-12-23
881,Rebecca Taylor,youngkristen@gmail.com,+1-538-373-1891x3977,Martinezshire,Oklahoma,Fiji,67,2021-08-03
882,David Horne,kevin51@gmail.com,707.747.1290x664,New Philip,Minnesota,Namibia,61,2024-07-01
883,Wendy Cortez,halljoseph@harrison.com,+1-757-554-2643x33568,Josephmouth,New Mexico,British Indian Ocean Territory (Chagos Archipelago),38,2024-12-23
884,Rebecca Clarke,debbiejohnson@zavala.com,+1-303-466-9228,Kevinstad,Maine,Colombia,61,2021-11-23
885,Steven Dean,dtorres@hotmail.com,+1-499-340-7163x222,Mccoymouth,North Carolina,Gambia,49,2022-06-06
886,Whitney Bennett,simonpatricia@peterson-kim.info,846.689.6759,Reginaton,Minnesota,Palestinian Territory,65,2022-09-26
887,Ernest Williams,peterscott@yahoo.com,+1-861-266-1480x95136,Mendozashire,Washington,Heard Island and McDonald Islands,62,2024-03-21
888,Jodi Sanders,leroy97@gmail.com,001-516-240-0100x74949,North Aliciaburgh,North Carolina,Oman,60,2024-08-26
889,Anthony Ryan,dennis42@ellis.com,797-240-2994x3411,Samanthafort,Delaware,French Polynesia,20,2024-11-24
890,Mary Coleman,garciamichelle@yahoo.com,302-524-2030,West Alexandriastad,Kentucky,Greece,62,2023-05-05
891,James Parsons,robert80@yahoo.com,001-487-705-3529x095,Port David,Florida,Malawi,38,2024-02-13
892,Brian Cruz,davisthomas@mitchell.net,2186497702,Port Tina,Texas,Botswana,19,2025-08-13
893,Robert Martin,zclark@hotmail.com,339-849-4030,North Benjaminmouth,Maryland,Jamaica,21,2024-09-13
894,Christopher Price,wgarrett@hotmail.com,(989)064-1970x412,Matthewmouth,North Dakota,Palau,19,2023-12-29
895,Jennifer Sanchez,barbara88@gmail.com,794-557-9066x310,Georgeview,Oklahoma,Somalia,40,2024-10-11
896,Henry Jenkins,duncanerik@sullivan.com,463-891-4290x384,East Robert,Oregon,Puerto Rico,52,2026-02-07
897,Lee Reyes,ndavis@lewis-peterson.org,(162)339-5770,Piercemouth,Connecticut,Azerbaijan,33,2021-07-05
898,John Shelton,natalie38@martin.com,288-805-9745x809,Lake Nancy,Iowa,Saudi Arabia,28,2025-03-31
899,Roger Butler,joseph46@payne.com,337.992.3715x0950,West Jonathanmouth,New Jersey,Zimbabwe,38,2026-04-29
900,Terry Murray,nguyenrebecca@hotmail.com,651-778-3621,Lake James,Florida,Kenya,36,2022-05-25
901,Angela Scott,amymartinez@yahoo.com,767.537.6809x8359,Lopezshire,Kansas,Gabon,34,2025-05-22
902,Robert Torres,jeffrey93@hotmail.com,871.678.9039,Robinsonshire,California,Bermuda,32,2023-09-28
903,Jamie Boyd MD,steve75@yahoo.com,002-300-1126x76666,Courtneytown,Mississippi,Tajikistan,44,2022-06-06
904,Elizabeth Wilson,qwilson@hart.com,591-131-0840,Johnsonfurt,New Hampshire,Niger,42,2024-12-21
905,Jimmy Hubbard,stevensontammy@hotmail.com,152-961-0117,Taylorland,Texas,Bahrain,54,2022-08-02
906,Cory Martin,christopher36@hill.info,001-444-988-2956x74866,South Robin,North Carolina,Poland,52,2025-02-13
907,Heidi Solomon,markhall@bright.com,539-623-1392,Port Meganmouth,Idaho,Peru,19,2021-12-17
908,Mary Meza,walterspaul@bryant.biz,528-029-5861x6424,Margaretville,Pennsylvania,Germany,61,2023-03-20
909,Brian Williams,penasarah@gentry.com,001-354-247-1898x98846,West Emily,Arizona,Hong Kong,70,2022-06-02
910,Bobby Rogers,travisgreen@garrison.org,+1-268-368-2063x752,Harperchester,Montana,Guatemala,40,2021-07-06
911,Dr. Michael Morgan,goodclaudia@lee.com,+1-376-767-9712x75541,Shawland,Massachusetts,Suriname,52,2024-05-17
912,Steven Orr,goodwinmiranda@brown-delacruz.com,965.680.4480x9763,Ryanburgh,Oregon,United States of America,42,2021-07-23
913,Amy Taylor,christine27@walls.com,913-575-6157,Smithmouth,Florida,Heard Island and McDonald Islands,64,2022-06-25
914,Sarah Robinson,wbutler@gmail.com,648-991-8834x063,Chelseahaven,Texas,Cocos (Keeling) Islands,45,2023-10-27
915,Cindy Grant,lonnie04@reed-hurley.com,001-806-545-8604x441,West Gerald,New Jersey,Algeria,34,2025-02-16
916,Elizabeth French,karen07@hotmail.com,+1-630-681-4303x03991,New Kimberlychester,Illinois,Solomon Islands,35,2021-07-29
917,Gregory Christian,pmercer@yahoo.com,+1-566-285-5229x109,Lake Kellyfurt,Pennsylvania,Niger,48,2024-09-10
918,Jeffrey White,afox@gmail.com,155-856-7105,Lake Michael,Massachusetts,Saint Vincent and the Grenadines,64,2025-12-10
919,Donald Romero,hahnbrian@hampton-lewis.com,001-366-679-6476x30851,Thompsonport,New Mexico,Guernsey,48,2022-10-20
920,Stephanie Richards,brianreyes@gmail.com,025.638.0085,North Robertburgh,Delaware,Niger,50,2022-11-15
921,Stephen Silva,xalvarez@benson.com,(788)783-4894x21057,Port Katelyn,New York,Bangladesh,18,2025-06-22
922,Craig Ferguson,amandadunlap@jones.biz,+1-382-756-3993x91936,Port Rebeccachester,Iowa,Indonesia,35,2021-09-09
923,Rebecca King,wgarcia@hotmail.com,(412)982-3109x07222,Seanville,South Carolina,Kiribati,18,2025-05-31
924,Stephen Graham,jaime32@tanner.biz,600.582.5297,Port Hunterview,Indiana,Mali,36,2023-02-03
925,Shannon Page,nyu@hotmail.com,001-725-698-1518x7862,Robertburgh,Virginia,Comoros,59,2025-02-15
926,Jesse Morales,joseph83@yahoo.com,177-977-6858x6513,New Jasonmouth,Alabama,Madagascar,55,2022-02-10
927,Edward Duffy,nashmegan@hotmail.com,235-262-1506,Butlerport,West Virginia,Rwanda,61,2023-08-14
928,Amanda Allen,reedmathew@nelson.biz,3299319907,Port Sydney,Utah,Guadeloupe,49,2026-03-01
929,Sandra Smith,james95@gmail.com,112-309-4465,Dominiqueborough,Arizona,Montserrat,28,2022-07-11
930,Anna Foster,lvillanueva@willis-warren.com,707.978.4545x4127,Port Jerryhaven,Colorado,Macao,35,2025-05-03
931,Erin Garcia,haleyschneider@johnson.com,819-774-5203,East Karen,Alaska,Iraq,26,2023-11-22
932,Joseph Taylor,christinamccarthy@gmail.com,+1-779-983-5302x61627,Port Alisonport,Mississippi,Guinea,38,2023-11-05
933,Sharon Mathis,victor22@smith.info,526-504-8418,North Craig,Missouri,Bhutan,51,2022-02-14
934,Philip Johnston,rhodessamantha@gray-gates.com,8180358770,New Jonathanton,Louisiana,Lebanon,66,2023-08-13
935,Kathleen Watson,edwardsdiane@wade.com,4634438187,Port Joshua,California,Palau,58,2021-08-08
936,Sharon Gardner,francisrachel@lee-cox.biz,088.032.9877x23794,Nobleport,Idaho,Bangladesh,54,2024-12-08
937,Kyle Freeman,nicole35@yahoo.com,(460)779-2044x7363,Roblesberg,Georgia,Comoros,62,2025-08-16
938,Jason Ford,ramirezchristopher@herrera.com,001-153-137-7890x692,Port Jennifer,Kentucky,New Caledonia,59,2022-11-24
939,Frederick Cruz,garciaallison@gmail.com,849.037.1274x14288,North Matthew,Utah,Barbados,65,2021-11-10
940,Stephen Jones,michele60@hotmail.com,950.951.1344x81156,Andreaport,Hawaii,Congo,19,2021-10-01
941,Joel Bowers,carolprice@berry-irwin.net,154-276-3678x463,New Anthony,Maryland,Faroe Islands,59,2024-04-25
942,Dr. Frank Shelton,orrlisa@barrett-davis.com,779-493-6323,West Andrew,West Virginia,Ukraine,67,2025-07-21
943,Sandra Atkins,jonathoncollins@dunn.net,493.633.2626x11160,North Jessica,North Carolina,Bosnia and Herzegovina,24,2024-08-16
944,Suzanne Berry,samuelgay@richard.net,983-296-2007x54805,Michaelfurt,Louisiana,Belize,56,2026-04-12
945,Linda Harmon,grivera@jennings.info,819.038.6493x911,Mathewsshire,Missouri,Bahrain,41,2023-03-30
946,Kerry Martin,lwatts@yahoo.com,(258)400-9568x3253,Port Nancy,Utah,Wallis and Futuna,53,2026-02-23
947,David Martin,mackenzienewman@gmail.com,001-249-683-0213,Laurastad,South Carolina,Sweden,31,2022-12-07
948,Lindsey Olson,eileenkeller@wilkinson.biz,+1-148-092-1278,New Annaton,Utah,Cape Verde,20,2022-07-15
949,Matthew Ross,alyssa61@torres.org,852-054-5243x3364,Williamston,Idaho,Indonesia,38,2022-03-12
950,Thomas Price,anthonydunn@allen.org,(178)087-3063x9662,Reedside,Kansas,Ghana,46,2024-07-08
951,Lisa Mccann,edward90@yahoo.com,2815140767,East Christopherton,Virginia,Guernsey,38,2026-03-03
952,Tina Jimenez,melvin11@davis.com,(171)460-3616x5119,Jamesside,New York,Solomon Islands,67,2023-03-29
953,Bailey Johnson,browncarrie@gmail.com,(195)615-7938,East Williamhaven,Oklahoma,Madagascar,37,2021-05-27
954,Laura Lloyd,jacksondenise@reeves.com,1500444835,Summerton,Georgia,British Indian Ocean Territory (Chagos Archipelago),22,2023-04-16
955,James Ramirez,jacob10@hanson-schultz.com,(252)782-1288,Barrberg,Colorado,Northern Mariana Islands,49,2023-09-13
956,Latoya Colon,michael64@williams.com,764-760-8872x0409,Joshuachester,Maine,Malaysia,42,2022-02-17
957,Desiree Davis,jeffreystuart@hotmail.com,001-948-144-0999x000,East Stacyfort,Oklahoma,Saint Barthelemy,37,2024-03-24
958,Richard Phelps,mcole@gmail.com,256-718-4075,Madisonland,Kansas,Marshall Islands,31,2022-08-02
959,Stephanie Fernandez,rogerstimothy@gmail.com,001-977-518-4038x8200,Lake Davidbury,Texas,Bosnia and Herzegovina,21,2022-07-08
960,Derek Stanton,christinerobinson@freeman-harris.com,+1-697-858-2003x2147,Lake Michaelmouth,Oklahoma,Mozambique,52,2024-07-20
961,Dillon Smith,jennifer76@neal.org,162-105-8935,Justinmouth,Louisiana,Mozambique,66,2025-10-31
962,Jessica Hogan,xfletcher@barton.com,914-483-9348x74684,New Sandraborough,Connecticut,Iran,46,2022-05-16
963,Tara Douglas,william03@bishop.org,993-443-9298x3463,Buckleytown,Hawaii,Gabon,26,2024-01-14
964,Ronald Green,singhterri@campbell.com,168.384.1792x6048,New Brendaborough,Kansas,Iceland,27,2024-06-10
965,Jonathan Diaz,gordonnatasha@hotmail.com,141-341-1815x92804,Darleneview,Oklahoma,Timor-Leste,49,2022-01-21
966,Dominique Sanchez,claytonmichelle@yahoo.com,(944)977-7763x62206,Bakerfurt,Missouri,Hungary,37,2021-10-20
967,Paul Baker,yulisa@yates.com,519-010-9288x3163,Friedmanborough,Idaho,Nepal,24,2025-11-27
968,Darren Jackson,gibsonjeffrey@yahoo.com,(683)172-4245x2431,West Jason,Illinois,Portugal,66,2024-08-07
969,Regina Baker,fsmith@johnson-harrison.info,001-442-570-6205,East Jacqueline,Iowa,Costa Rica,40,2023-05-04
970,Christopher Cobb,susan18@gmail.com,406.419.8027x1794,South Elizabethside,Rhode Island,Greenland,22,2024-07-11
971,Chelsea Smith,pgraves@friedman.com,(672)158-5981,Lake Michael,Delaware,Honduras,52,2023-03-19
972,Elizabeth Rivera,esantiago@young-dixon.com,722-041-3805x5307,East Jeremy,Alabama,El Salvador,30,2022-03-18
973,Melvin Potts,justinwashington@morris-wolfe.info,6375030932,Floresstad,Tennessee,Norfolk Island,49,2025-07-22
974,Amber Carney,vstanley@perez.com,388.863.5442,Deborahburgh,Minnesota,Brunei Darussalam,52,2021-12-30
975,Mary Wells,arielwalsh@ramirez.info,001-188-272-7725x9742,Brianaview,Nevada,Central African Republic,69,2026-04-12
976,Brooke Taylor,cranekathy@johnson.com,504.927.4167x6626,Hohaven,New Mexico,Bahamas,64,2026-03-06
977,Warren Riddle,davidarnold@west.com,+1-843-055-9888x3621,Bryanville,Nebraska,Reunion,58,2022-04-23
978,Francisco Hernandez,nparrish@simpson.net,263-793-3017,Lawsonmouth,Iowa,Montserrat,18,2025-11-25
979,Laura Harris,meghanmason@mckay-yang.biz,577.642.1724,Lake Erichaven,Maryland,Mozambique,55,2022-10-26
980,John Johnson,frank91@gmail.com,+1-170-914-1650x6131,Richardville,Georgia,Tonga,28,2025-08-24
981,Brian Schaefer,kevinmills@gmail.com,+1-859-058-2718x686,New Hannahstad,Maryland,Venezuela,41,2022-09-07
982,Audrey Barrera,moralesdebra@hotmail.com,402.382.7964x75092,New Connieview,Vermont,Kuwait,23,2022-05-22
983,Christopher Wells,ihouston@yahoo.com,+1-199-444-8554x577,Scottfurt,Hawaii,Switzerland,28,2026-02-19
984,Peter Barber,moorejanet@baker.com,184.617.5345x06092,New Katie,Michigan,Macedonia,19,2024-02-28
985,John Mata,soliswillie@lyons.com,001-254-559-8672x48346,East Richardburgh,New Hampshire,Saint Kitts and Nevis,46,2023-08-02
986,Joanna Williams,leeamanda@gmail.com,099.935.0834x32912,Ramseyhaven,Utah,Pitcairn Islands,24,2022-10-09
987,Latasha Crawford,melissa97@simmons.biz,779.852.6700x8302,New Kiaraville,Utah,Brunei Darussalam,26,2026-05-14
988,Marcus Martin,jim10@yahoo.com,620.944.5551,Sanderschester,Pennsylvania,Norway,52,2022-04-24
989,Jessica Bell,sarahhubbard@harris.com,+1-290-519-2392x147,Karenville,Massachusetts,Libyan Arab Jamahiriya,24,2025-09-19
990,Robert Rivera,heathermcguire@gmail.com,001-510-733-8633x7593,West Gary,Missouri,Svalbard & Jan Mayen Islands,41,2025-03-19
991,Robin Smith,sharon47@perkins-johnson.biz,982.185.8110,Port Melanie,California,Guam,69,2023-02-23
992,Timothy Williams,annetteward@yahoo.com,(826)150-5049x28597,Goodwinport,Idaho,Brazil,58,2024-10-12
993,Barbara Hamilton,madelinegeorge@hotmail.com,663.061.5849x31541,Parsonsmouth,Oklahoma,Serbia,27,2021-10-18
994,Brianna Harrison,christopheranderson@hotmail.com,+1-254-758-5101x022,Maynardstad,North Dakota,Finland,43,2023-10-08
995,Joseph Jones,whitesamuel@yahoo.com,6623621919,West Steven,South Carolina,Wallis and Futuna,64,2021-08-07
996,Lorraine Burnett,andersondavid@hotmail.com,+1-831-295-0165x6624,South Antonioberg,Nevada,Greenland,27,2022-09-19
997,Michelle Thomas,nschneider@romero-cunningham.com,001-809-953-3001x2640,Gibsonmouth,Kentucky,Cyprus,63,2023-02-15
998,Amy Roberts,josephgonzalez@yahoo.com,(669)837-7409,Meghanport,Maryland,Gambia,40,2025-10-02
999,James Robertson,holly17@mccullough-stanley.net,978-929-2292,Amyborough,Texas,Gambia,51,2021-10-04
1000,Erin Morales,abbottdouglas@hotmail.com,+1-801-198-3447x935,Perezberg,Nevada,South Georgia and the South Sandwich Islands,43,2025-09-07
